source,target,source_color,target_color
iso/c068350_iso_iec_8824-1_2015.zip,itu/X.690/2015_08_0_en..pdf,#B54343,#7C43B5
iso/c068350_iso_iec_8824-1_2015.zip,itu/X.691/2015_08_0_en..pdf,#B54343,#7C43B5
iso/c068350_iso_iec_8824-1_2015.zip,itu/X.693/2015_08_0_en..pdf,#B54343,#7C43B5
iso/c068350_iso_iec_8824-1_2015.zip,itu/X.692/2015_08_0_en..pdf,#B54343,#7C43B5
iso/c068350_iso_iec_8824-1_2015.zip,itu/X.660/2008_08_1_en..pdf,#B54343,#7C43B5
iso/c068350_iso_iec_8824-1_2015.zip,itu/X.681/2015_08_0_en..pdf,#B54343,#7C43B5
iso/c068350_iso_iec_8824-1_2015.zip,itu/X.682/2015_08_0_en..pdf,#B54343,#7C43B5
iso/c068350_iso_iec_8824-1_2015.zip,itu/X.683/2015_08_0_en..pdf,#B54343,#7C43B5
iso/c068350_iso_iec_8824-1_2015.zip,itu/X.695/2015_08_0_en..pdf,#B54343,#7C43B5
iso/c068350_iso_iec_8824-1_2015.zip,ITURecommendation: TF.460-5,#B54343,#7C43B5
iso/c068350_iso_iec_8824-1_2015.zip,itu/T.100/1988_11_0_en..pdf,#B54343,#7C43B5
iso/c068350_iso_iec_8824-1_2015.zip,itu/T.101/1994_11_0_en..zip,#B54343,#7C43B5
iso/c068350_iso_iec_8824-1_2015.zip,itu/X.660/2011_07_0_en..pdf,#B54343,#7C43B5
iso/c068350_iso_iec_8824-1_2015.zip,itu/X.200/1994_07_0_en..pdf,#B54343,#7C43B5
iso/c068350_iso_iec_8824-1_2015.zip,itu/X.680/2015_08_0_en..pdf,#B54343,#7C43B5
iso/c068350_iso_iec_8824-1_2015.zip,itu/T.101/1988_11_1_en..pdf,#B54343,#7C43B5
iso/c068350_iso_iec_8824-1_2015.zip,itu/T.4/2003_07_0_en..pdf,#B54343,#7C43B5
iso/c068350_iso_iec_8824-1_2015.zip,itu/T.5/1998_02_0_en..pdf,#B54343,#7C43B5
iso/c068350_iso_iec_8824-1_2015.zip,iso/c068345_iso_iec_8825-1_2015.zip,#B54343,#7C43B5
iso/c068350_iso_iec_8824-1_2015.zip,iso/c068346_iso_iec_8825-2_2008.zip,#B54343,#7C43B5
iso/c068350_iso_iec_8824-1_2015.zip,iso/c068348_iso_iec_8825-4_2015.zip,#B54343,#7C43B5
iso/c068350_iso_iec_8824-1_2015.zip,iso/c068347_iso_iec_8825-3_2015.zip,#B54343,#7C43B5
iso/c068350_iso_iec_8824-1_2015.zip,ISOStandard: 8601,#B54343,#7C43B5
iso/c068350_iso_iec_8824-1_2015.zip,iso/c069119_iso_iec_10646_2017.zip,#B54343,#7C43B5
iso/c068350_iso_iec_8824-1_2015.zip,iso/c051424_iso_iec_9834-1_2008.zip,#B54343,#7C43B5
iso/c068350_iso_iec_8824-1_2015.zip,iso/c068351_iso_iec_8824-2_2015.zip,#B54343,#7C43B5
iso/c068350_iso_iec_8824-1_2015.zip,iso/c068352_iso_iec_8824-3_2015.zip,#B54343,#7C43B5
iso/c068350_iso_iec_8824-1_2015.zip,iso/c068353_iso_iec_8824-4_2015.zip,#B54343,#7C43B5
iso/c068350_iso_iec_8824-1_2015.zip,iso/c069980_iso_iec_8825-6_2015.zip,#B54343,#7C43B5
iso/c068350_iso_iec_8824-1_2015.zip,iso/s027497_iso_iec_8072_1996e.zip,#B54343,#7C43B5
iso/c068350_iso_iec_8824-1_2015.zip,ISOStandard: 2022,#B54343,#7C43B5
iso/c068350_iso_iec_8824-1_2015.zip,ISOStandard: 6523,#B54343,#7C43B5
iso/c068350_iso_iec_8824-1_2015.zip,ISOStandard: 7350,#B54343,#7C43B5
iso/c068350_iso_iec_8824-1_2015.zip,ISOStandard: 10367,#B54343,#7C43B5
iso/c068350_iso_iec_8824-1_2015.zip,ISOStandard: 8571,#B54343,#7C43B5
iso/c068350_iso_iec_8824-1_2015.zip,ISOStandard: 19785,#B54343,#7C43B5
iso/c068350_iso_iec_8824-1_2015.zip,iso/c068350_iso_iec_8824-1_2015.zip,#B54343,#B54343
rfc/1700.txt,rfc/1700.txt,#43B5B5,#43B5B5
rfc/1700.txt,rfc/1519.txt,#43B5B5,#7C43B5
rfc/1700.txt,rfc/1518.txt,#43B5B5,#7C43B5
rfc/1700.txt,rfc/791.txt,#43B5B5,#7C43B5
rfc/1700.txt,rfc/1190.txt,#43B5B5,#7C43B5
rfc/1700.txt,rfc/792.txt,#43B5B5,#7C43B5
rfc/1700.txt,rfc/1112.txt,#43B5B5,#7C43B5
rfc/1700.txt,rfc/823.txt,#43B5B5,#7C43B5
rfc/1700.txt,rfc/793.txt,#43B5B5,#7C43B5
rfc/1700.txt,rfc/888.txt,#43B5B5,#7C43B5
rfc/1700.txt,rfc/741.txt,#43B5B5,#7C43B5
rfc/1700.txt,rfc/768.txt,#43B5B5,#7C43B5
rfc/1700.txt,rfc/869.txt,#43B5B5,#7C43B5
rfc/1700.txt,rfc/908.txt,#43B5B5,#7C43B5
rfc/1700.txt,rfc/938.txt,#43B5B5,#7C43B5
rfc/1700.txt,rfc/905.txt,#43B5B5,#7C43B5
rfc/1700.txt,rfc/969.txt,#43B5B5,#7C43B5
rfc/1700.txt,rfc/1583.txt,#43B5B5,#7C43B5
rfc/1700.txt,rfc/1241.txt,#43B5B5,#7C43B5
rfc/1700.txt,rfc/1568.txt,#43B5B5,#7C43B5
rfc/1700.txt,rfc/1075.txt,#43B5B5,#7C43B5
rfc/1700.txt,rfc/1045.txt,#43B5B5,#7C43B5
rfc/1700.txt,rfc/1119.txt,#43B5B5,#7C43B5
rfc/1700.txt,rfc/1108.txt,#43B5B5,#7C43B5
rfc/1700.txt,rfc/1191.txt,#43B5B5,#7C43B5
rfc/1700.txt,rfc/1358.txt,#43B5B5,#7C43B5
rfc/1700.txt,rfc/1393.txt,#43B5B5,#7C43B5
rfc/1700.txt,rfc/1349.txt,#43B5B5,#7C43B5
rfc/1700.txt,rfc/1455.txt,#43B5B5,#7C43B5
rfc/1700.txt,rfc/1256.txt,#43B5B5,#7C43B5
rfc/1700.txt,rfc/950.txt,#43B5B5,#7C43B5
rfc/1700.txt,rfc/1475.txt,#43B5B5,#7C43B5
rfc/1700.txt,rfc/1323.txt,#43B5B5,#7C43B5
rfc/1700.txt,rfc/1072.txt,#43B5B5,#7C43B5
rfc/1700.txt,rfc/1693.txt,#43B5B5,#7C43B5
rfc/1700.txt,rfc/1146.txt,#43B5B5,#7C43B5
rfc/1700.txt,rfc/856.txt,#43B5B5,#7C43B5
rfc/1700.txt,rfc/857.txt,#43B5B5,#7C43B5
rfc/1700.txt,rfc/858.txt,#43B5B5,#7C43B5
rfc/1700.txt,rfc/859.txt,#43B5B5,#7C43B5
rfc/1700.txt,rfc/860.txt,#43B5B5,#7C43B5
rfc/1700.txt,rfc/726.txt,#43B5B5,#7C43B5
rfc/1700.txt,rfc/652.txt,#43B5B5,#7C43B5
rfc/1700.txt,rfc/653.txt,#43B5B5,#7C43B5
rfc/1700.txt,rfc/654.txt,#43B5B5,#7C43B5
rfc/1700.txt,rfc/655.txt,#43B5B5,#7C43B5
rfc/1700.txt,rfc/656.txt,#43B5B5,#7C43B5
rfc/1700.txt,rfc/657.txt,#43B5B5,#7C43B5
rfc/1700.txt,rfc/698.txt,#43B5B5,#7C43B5
rfc/1700.txt,rfc/727.txt,#43B5B5,#7C43B5
rfc/1700.txt,rfc/735.txt,#43B5B5,#7C43B5
rfc/1700.txt,rfc/1043.txt,#43B5B5,#7C43B5
rfc/1700.txt,rfc/732.txt,#43B5B5,#7C43B5
rfc/1700.txt,rfc/736.txt,#43B5B5,#7C43B5
rfc/1700.txt,rfc/734.txt,#43B5B5,#7C43B5
rfc/1700.txt,rfc/749.txt,#43B5B5,#7C43B5
rfc/1700.txt,rfc/779.txt,#43B5B5,#7C43B5
rfc/1700.txt,rfc/1091.txt,#43B5B5,#7C43B5
rfc/1700.txt,rfc/885.txt,#43B5B5,#7C43B5
rfc/1700.txt,rfc/927.txt,#43B5B5,#7C43B5
rfc/1700.txt,rfc/933.txt,#43B5B5,#7C43B5
rfc/1700.txt,rfc/946.txt,#43B5B5,#7C43B5
rfc/1700.txt,rfc/1041.txt,#43B5B5,#7C43B5
rfc/1700.txt,rfc/1053.txt,#43B5B5,#7C43B5
rfc/1700.txt,rfc/1073.txt,#43B5B5,#7C43B5
rfc/1700.txt,rfc/1079.txt,#43B5B5,#7C43B5
rfc/1700.txt,rfc/1372.txt,#43B5B5,#7C43B5
rfc/1700.txt,rfc/1184.txt,#43B5B5,#7C43B5
rfc/1700.txt,rfc/1096.txt,#43B5B5,#7C43B5
rfc/1700.txt,rfc/1408.txt,#43B5B5,#7C43B5
rfc/1700.txt,rfc/1409.txt,#43B5B5,#7C43B5
rfc/1700.txt,rfc/1572.txt,#43B5B5,#7C43B5
rfc/1700.txt,rfc/1647.txt,#43B5B5,#7C43B5
rfc/1700.txt,rfc/861.txt,#43B5B5,#7C43B5
rfc/1700.txt,rfc/658.txt,#43B5B5,#7C43B5
rfc/1700.txt,rfc/1034.txt,#43B5B5,#7C43B5
rfc/1700.txt,rfc/1035.txt,#43B5B5,#7C43B5
rfc/1700.txt,rfc/1183.txt,#43B5B5,#7C43B5
rfc/1700.txt,rfc/1348.txt,#43B5B5,#7C43B5
rfc/1700.txt,rfc/1664.txt,#43B5B5,#7C43B5
rfc/1700.txt,rfc/1327.txt,#43B5B5,#7C43B5
rfc/1700.txt,rfc/1505.txt,#43B5B5,#7C43B5
rfc/1700.txt,rfc/822.txt,#43B5B5,#7C43B5
rfc/1700.txt,rfc/1421.txt,#43B5B5,#7C43B5
rfc/1700.txt,rfc/1422.txt,#43B5B5,#7C43B5
rfc/1700.txt,rfc/1423.txt,#43B5B5,#7C43B5
rfc/1700.txt,rfc/1651.txt,#43B5B5,#7C43B5
rfc/1700.txt,rfc/821.txt,#43B5B5,#7C43B5
rfc/1700.txt,rfc/1652.txt,#43B5B5,#7C43B5
rfc/1700.txt,rfc/1653.txt,#43B5B5,#7C43B5
rfc/1700.txt,rfc/1274.txt,#43B5B5,#7C43B5
rfc/1700.txt,rfc/951.txt,#43B5B5,#7C43B5
rfc/1700.txt,rfc/1531.txt,#43B5B5,#7C43B5
rfc/1700.txt,rfc/1533.txt,#43B5B5,#7C43B5
rfc/1700.txt,rfc/1639.txt,#43B5B5,#7C43B5
rfc/1700.txt,rfc/1485.txt,#43B5B5,#7C43B5
rfc/1700.txt,rfc/1357.txt,#43B5B5,#7C43B5
rfc/1700.txt,rfc/1584.txt,#43B5B5,#7C43B5
rfc/1700.txt,rfc/1585.txt,#43B5B5,#7C43B5
rfc/1700.txt,rfc/1586.txt,#43B5B5,#7C43B5
rfc/1700.txt,rfc/1587.txt,#43B5B5,#7C43B5
rfc/1700.txt,rfc/1521.txt,#43B5B5,#7C43B5
rfc/1700.txt,rfc/1036.txt,#43B5B5,#7C43B5
rfc/1700.txt,rfc/1486.txt,#43B5B5,#7C43B5
rfc/1700.txt,rfc/1314.txt,#43B5B5,#7C43B5
rfc/1700.txt,rfc/1494.txt,#43B5B5,#7C43B5
rfc/1700.txt,rfc/1345.txt,#43B5B5,#7C43B5
rfc/1700.txt,rfc/1557.txt,#43B5B5,#7C43B5
rfc/1700.txt,rfc/1468.txt,#43B5B5,#7C43B5
rfc/1700.txt,rfc/1554.txt,#43B5B5,#7C43B5
rfc/1700.txt,rfc/1556.txt,#43B5B5,#7C43B5
rfc/1700.txt,rfc/1428.txt,#43B5B5,#7C43B5
rfc/1700.txt,rfc/1456.txt,#43B5B5,#7C43B5
rfc/1700.txt,rfc/1489.txt,#43B5B5,#7C43B5
rfc/1700.txt,rfc/1641.txt,#43B5B5,#7C43B5
rfc/1700.txt,rfc/1642.txt,#43B5B5,#7C43B5
rfc/1700.txt,rfc/1157.txt,#43B5B5,#7C43B5
rfc/1700.txt,rfc/1095.txt,#43B5B5,#7C43B5
rfc/1700.txt,rfc/1155.txt,#43B5B5,#7C43B5
rfc/1700.txt,rfc/1213.txt,#43B5B5,#7C43B5
rfc/1700.txt,rfc/1028.txt,#43B5B5,#7C43B5
rfc/1700.txt,rfc/1229.txt,#43B5B5,#7C43B5
rfc/1700.txt,rfc/1239.txt,#43B5B5,#7C43B5
rfc/1700.txt,rfc/1243.txt,#43B5B5,#7C43B5
rfc/1700.txt,rfc/1253.txt,#43B5B5,#7C43B5
rfc/1700.txt,rfc/1657.txt,#43B5B5,#7C43B5
rfc/1700.txt,rfc/1271.txt,#43B5B5,#7C43B5
rfc/1700.txt,rfc/1286.txt,#43B5B5,#7C43B5
rfc/1700.txt,rfc/1559.txt,#43B5B5,#7C43B5
rfc/1700.txt,rfc/1658.txt,#43B5B5,#7C43B5
rfc/1700.txt,rfc/1353.txt,#43B5B5,#7C43B5
rfc/1700.txt,rfc/1516.txt,#43B5B5,#7C43B5
rfc/1700.txt,rfc/1389.txt,#43B5B5,#7C43B5
rfc/1700.txt,rfc/1414.txt,#43B5B5,#7C43B5
rfc/1700.txt,rfc/1514.txt,#43B5B5,#7C43B5
rfc/1700.txt,rfc/1515.txt,#43B5B5,#7C43B5
rfc/1700.txt,rfc/1565.txt,#43B5B5,#7C43B5
rfc/1700.txt,rfc/1566.txt,#43B5B5,#7C43B5
rfc/1700.txt,rfc/1567.txt,#43B5B5,#7C43B5
rfc/1700.txt,rfc/1573.txt,#43B5B5,#7C43B5
rfc/1700.txt,rfc/1611.txt,#43B5B5,#7C43B5
rfc/1700.txt,rfc/1628.txt,#43B5B5,#7C43B5
rfc/1700.txt,rfc/1665.txt,#43B5B5,#7C43B5
rfc/1700.txt,rfc/1650.txt,#43B5B5,#7C43B5
rfc/1700.txt,rfc/1694.txt,#43B5B5,#7C43B5
rfc/1700.txt,rfc/1695.txt,#43B5B5,#7C43B5
rfc/1700.txt,rfc/1696.txt,#43B5B5,#7C43B5
rfc/1700.txt,rfc/1697.txt,#43B5B5,#7C43B5
rfc/1700.txt,rfc/1382.txt,#43B5B5,#7C43B5
rfc/1700.txt,rfc/1230.txt,#43B5B5,#7C43B5
rfc/1700.txt,rfc/1231.txt,#43B5B5,#7C43B5
rfc/1700.txt,rfc/1285.txt,#43B5B5,#7C43B5
rfc/1700.txt,rfc/1381.txt,#43B5B5,#7C43B5
rfc/1700.txt,rfc/1406.txt,#43B5B5,#7C43B5
rfc/1700.txt,rfc/1471.txt,#43B5B5,#7C43B5
rfc/1700.txt,rfc/1407.txt,#43B5B5,#7C43B5
rfc/1700.txt,rfc/1304.txt,#43B5B5,#7C43B5
rfc/1700.txt,rfc/1315.txt,#43B5B5,#7C43B5
rfc/1700.txt,rfc/1659.txt,#43B5B5,#7C43B5
rfc/1700.txt,rfc/1660.txt,#43B5B5,#7C43B5
rfc/1700.txt,rfc/1461.txt,#43B5B5,#7C43B5
rfc/1700.txt,rfc/1595.txt,#43B5B5,#7C43B5
rfc/1700.txt,rfc/1596.txt,#43B5B5,#7C43B5
rfc/1700.txt,rfc/1472.txt,#43B5B5,#7C43B5
rfc/1700.txt,rfc/1473.txt,#43B5B5,#7C43B5
rfc/1700.txt,rfc/1474.txt,#43B5B5,#7C43B5
rfc/1700.txt,rfc/1284.txt,#43B5B5,#7C43B5
rfc/1700.txt,rfc/826.txt,#43B5B5,#7C43B5
rfc/1700.txt,rfc/903.txt,#43B5B5,#7C43B5
rfc/1700.txt,rfc/1293.txt,#43B5B5,#7C43B5
rfc/1700.txt,rfc/926.txt,#43B5B5,#7C43B5
rfc/1700.txt,rfc/1042.txt,#43B5B5,#7C43B5
rfc/1700.txt,rfc/894.txt,#43B5B5,#7C43B5
rfc/1700.txt,rfc/895.txt,#43B5B5,#7C43B5
rfc/1700.txt,rfc/877.txt,#43B5B5,#7C43B5
rfc/1700.txt,rfc/1598.txt,#43B5B5,#7C43B5
rfc/1700.txt,rfc/1356.txt,#43B5B5,#7C43B5
rfc/1700.txt,rfc/878.txt,#43B5B5,#7C43B5
rfc/1700.txt,rfc/1005.txt,#43B5B5,#7C43B5
rfc/1700.txt,rfc/1661.txt,#43B5B5,#7C43B5
rfc/1700.txt,rfc/1662.txt,#43B5B5,#7C43B5
rfc/1700.txt,rfc/1378.txt,#43B5B5,#7C43B5
rfc/1700.txt,rfc/1377.txt,#43B5B5,#7C43B5
rfc/1700.txt,rfc/952.txt,#43B5B5,#7C43B5
rfc/1700.txt,rfc/930.txt,#43B5B5,#7C43B5
rfc/1700.txt,ISOStandard: 10021,#43B5B5,#7C43B5
rfc/1700.txt,ISOStandard: 6937-2,#43B5B5,#7C43B5
rfc/1700.txt,iso/c031053_iso_iec_tr_9577_1999e.zip,#43B5B5,#7C43B5
rfc/1700.txt,ISOStandard: 8802,#43B5B5,#7C43B5
rfc/1700.txt,ISOStandard: 3309,#43B5B5,#7C43B5
itu/H.245/2011_05_0_en..pdf,itu/H.245/2011_05_0_en..pdf,#43B5B5,#43B5B5
itu/H.245/2011_05_0_en..pdf,itu/H.222.0/2006_05_1_en..pdf,#43B5B5,#7C43B5
itu/H.245/2011_05_0_en..pdf,itu/H.223/2001_07_0_en..pdf,#43B5B5,#7C43B5
itu/H.245/2011_05_0_en..pdf,itu/H.225.0/2009_12_0_en..pdf,#43B5B5,#7C43B5
itu/H.245/2011_05_0_en..pdf,itu/T.120/2007_01_0_en..pdf,#43B5B5,#7C43B5
itu/H.245/2011_05_0_en..pdf,itu/E.164/2005_02_1_en..pdf,#43B5B5,#7C43B5
itu/H.245/2011_05_0_en..pdf,itu/G.711/1988_11_0_en..pdf,#43B5B5,#7C43B5
itu/H.245/2011_05_0_en..pdf,itu/G.722/1988_11_1_en..pdf,#43B5B5,#7C43B5
itu/H.245/2011_05_0_en..pdf,itu/G.723.1/2006_05_0_en..zip,#43B5B5,#7C43B5
itu/H.245/2011_05_0_en..pdf,itu/G.728/1992_09_1_en..pdf,#43B5B5,#7C43B5
itu/H.245/2011_05_0_en..pdf,itu/G.729/1996_03_1_en..zip,#43B5B5,#7C43B5
itu/H.245/2011_05_0_en..pdf,itu/H.221/2004_03_1_en..pdf,#43B5B5,#7C43B5
itu/H.245/2011_05_0_en..pdf,itu/H.222.0/2000_02_1_en..pdf,#43B5B5,#7C43B5
itu/H.245/2011_05_0_en..pdf,itu/H.222.1/1996_03_0_en..pdf,#43B5B5,#7C43B5
itu/H.245/2011_05_0_en..pdf,itu/H.224/2005_01_0_en..pdf,#43B5B5,#7C43B5
itu/H.245/2011_05_0_en..pdf,itu/H.225.0/2006_05_1_en..pdf,#43B5B5,#7C43B5
itu/H.245/2011_05_0_en..pdf,itu/H.230/2004_03_1_en..pdf,#43B5B5,#7C43B5
itu/H.245/2011_05_0_en..pdf,itu/H.233/2002_11_0_en..pdf,#43B5B5,#7C43B5
itu/H.245/2011_05_0_en..pdf,itu/H.234/2002_11_0_en..pdf,#43B5B5,#7C43B5
itu/H.245/2011_05_0_en..pdf,itu/H.235.0/2005_09_1_en..pdf,#43B5B5,#7C43B5
itu/H.245/2011_05_0_en..pdf,itu/H.243/2005_10_0_en..pdf,#43B5B5,#7C43B5
itu/H.245/2011_05_0_en..pdf,itu/H.261/1993_03_0_en..pdf,#43B5B5,#7C43B5
itu/H.245/2011_05_0_en..pdf,itu/H.262/2000_02_1_en..pdf,#43B5B5,#7C43B5
itu/H.245/2011_05_0_en..pdf,itu/H.263/2005_01_0_en..pdf,#43B5B5,#7C43B5
itu/H.245/2011_05_0_en..pdf,itu/H.310/1998_09_0_en..pdf,#43B5B5,#7C43B5
itu/H.245/2011_05_0_en..pdf,itu/H.320/2004_03_0_en..pdf,#43B5B5,#7C43B5
itu/H.245/2011_05_0_en..pdf,itu/H.323/2003_07_1_en..pdf,#43B5B5,#7C43B5
itu/H.245/2011_05_0_en..pdf,itu/H.324/2005_09_1_en..pdf,#43B5B5,#7C43B5
itu/H.245/2011_05_0_en..pdf,itu/I.363/1993_03_2_en..pdf,#43B5B5,#7C43B5
itu/H.245/2011_05_0_en..pdf,itu/Q.2931/1995_02_0_en..pdf,#43B5B5,#7C43B5
itu/H.245/2011_05_0_en..pdf,itu/T.30/2005_09_0_en..pdf,#43B5B5,#7C43B5
itu/H.245/2011_05_0_en..pdf,itu/T.35/2000_02_0_en..pdf,#43B5B5,#7C43B5
itu/H.245/2011_05_0_en..pdf,itu/T.38/2005_09_1_en..pdf,#43B5B5,#7C43B5
itu/H.245/2011_05_0_en..pdf,itu/T.51/1992_09_0_en..pdf,#43B5B5,#7C43B5
itu/H.245/2011_05_0_en..pdf,itu/T.84/1996_07_0_en..pdf,#43B5B5,#7C43B5
itu/H.245/2011_05_0_en..pdf,itu/T.120/1996_07_1_en..pdf,#43B5B5,#7C43B5
itu/H.245/2011_05_0_en..pdf,itu/T.123/1999_05_1_en..pdf,#43B5B5,#7C43B5
itu/H.245/2011_05_0_en..pdf,itu/T.140/1998_02_0_en..pdf,#43B5B5,#7C43B5
itu/H.245/2011_05_0_en..pdf,itu/T.434/1999_04_0_en..pdf,#43B5B5,#7C43B5
itu/H.245/2011_05_0_en..pdf,itu/V.14/1993_03_0_en..pdf,#43B5B5,#7C43B5
itu/H.245/2011_05_0_en..pdf,itu/V.34/1998_02_0_en..pdf,#43B5B5,#7C43B5
itu/H.245/2011_05_0_en..pdf,itu/V.42/2002_03_0_en..pdf,#43B5B5,#7C43B5
itu/H.245/2011_05_0_en..pdf,itu/V.140/2005_01_0_en..pdf,#43B5B5,#7C43B5
itu/H.245/2011_05_0_en..pdf,itu/X.680/2008_11_1_en..pdf,#43B5B5,#7C43B5
itu/H.245/2011_05_0_en..pdf,itu/X.681/2008_11_1_en..pdf,#43B5B5,#7C43B5
itu/H.245/2011_05_0_en..pdf,itu/X.691/2008_11_1_en..pdf,#43B5B5,#7C43B5
itu/H.245/2011_05_0_en..pdf,itu/H.239/2005_09_1_en..pdf,#43B5B5,#7C43B5
itu/H.245/2011_05_0_en..pdf,itu/H.241/2006_05_1_en..pdf,#43B5B5,#7C43B5
itu/H.245/2011_05_0_en..pdf,itu/H.235.7/2005_09_0_en..pdf,#43B5B5,#7C43B5
itu/H.245/2011_05_0_en..pdf,itu/H.235.8/2005_09_0_en..pdf,#43B5B5,#7C43B5
itu/H.245/2011_05_0_en..pdf,itu/Y.1413/2004_03_0_en..pdf,#43B5B5,#7C43B5
itu/H.245/2011_05_0_en..pdf,ITURecommendation: H.222,#43B5B5,#7C43B5
itu/H.245/2011_05_0_en..pdf,itu/H.235.6/2009_03_1_en..pdf,#43B5B5,#7C43B5
itu/H.245/2011_05_0_en..pdf,itu/H.226/1998_09_0_en..pdf,#43B5B5,#7C43B5
itu/H.245/2011_05_0_en..pdf,itu/H.361/2006_05_0_en..pdf,#43B5B5,#7C43B5
itu/H.245/2011_05_0_en..pdf,itu/V.76/1996_08_0_en..pdf,#43B5B5,#7C43B5
itu/H.245/2011_05_0_en..pdf,itu/V.75/1996_08_0_en..pdf,#43B5B5,#7C43B5
itu/H.245/2011_05_0_en..pdf,itu/V.70/1996_08_0_en..pdf,#43B5B5,#7C43B5
itu/H.245/2011_05_0_en..pdf,itu/G.726/1990_12_0_en..pdf,#43B5B5,#7C43B5
itu/H.245/2011_05_0_en..pdf,itu/Q.931/1998_05_0_en..pdf,#43B5B5,#7C43B5
itu/H.245/2011_05_0_en..pdf,itu/T.39/1997_10_0_en..pdf,#43B5B5,#7C43B5
itu/H.245/2011_05_0_en..pdf,itu/T.124/2007_01_0_en..pdf,#43B5B5,#7C43B5
itu/H.245/2011_05_0_en..pdf,itu/Y.1541/2006_02_1_en..pdf,#43B5B5,#7C43B5
itu/H.245/2011_05_0_en..pdf,ITURecommendation: BS.1196-2,#43B5B5,#7C43B5
itu/H.245/2011_05_0_en..pdf,itu/H.323/2009_12_0_en..pdf,#43B5B5,#43B5B5
itu/H.245/2011_05_0_en..pdf,itu/H.230/2009_03_0_en..pdf,#43B5B5,#7C43B5
itu/H.245/2011_05_0_en..pdf,itu/H.235/2003_08_1_en..pdf,#43B5B5,#7C43B5
itu/H.245/2011_05_0_en..pdf,itu/H.324/2009_04_0_en..pdf,#43B5B5,#7C43B5
itu/H.245/2011_05_0_en..pdf,itu/H.221/2009_03_0_en..pdf,#43B5B5,#7C43B5
itu/H.245/2011_05_0_en..pdf,itu/G.723.1/1996_03_1_en..pdf,#43B5B5,#7C43B5
itu/H.245/2011_05_0_en..pdf,itu/G.729/2007_01_1_en..zip,#43B5B5,#7C43B5
itu/H.245/2011_05_0_en..pdf,itu/T.123/2007_01_0_en..pdf,#43B5B5,#7C43B5
itu/H.245/2011_05_0_en..pdf,itu/T.38/2010_09_1_en..pdf,#43B5B5,#7C43B5
itu/H.245/2011_05_0_en..pdf,itu/E.164/2010_11_0_en..pdf,#43B5B5,#7C43B5
itu/H.245/2011_05_0_en..pdf,itu/V.8/2000_11_0_en..pdf,#43B5B5,#7C43B5
itu/H.245/2011_05_0_en..pdf,itu/X.400/1999_06_0_en..pdf,#43B5B5,#7C43B5
itu/H.245/2011_05_0_en..pdf,ITURecommendation: X.409,#43B5B5,#7C43B5
itu/H.245/2011_05_0_en..pdf,itu/X.208/1988_11_2_en..pdf,#43B5B5,#7C43B5
itu/H.245/2011_05_0_en..pdf,itu/X.690/2008_11_1_en..pdf,#43B5B5,#7C43B5
itu/H.245/2011_05_0_en..pdf,ITURecommendation: G.723,#43B5B5,#7C43B5
itu/H.245/2011_05_0_en..pdf,itu/H.283/1999_05_2_en..pdf,#43B5B5,#7C43B5
itu/H.245/2011_05_0_en..pdf,itu/G.722.1/2005_05_0_en..zip,#43B5B5,#7C43B5
itu/H.245/2011_05_0_en..pdf,itu/G.722.2/2003_07_0_en..pdf,#43B5B5,#7C43B5
itu/H.245/2011_05_0_en..pdf,itu/H.249/2006_05_0_en..pdf,#43B5B5,#7C43B5
itu/H.245/2011_05_0_en..pdf,itu/G.711.1/2008_03_1_en..zip,#43B5B5,#7C43B5
itu/H.245/2011_05_0_en..pdf,itu/G.719/2008_06_0_en..zip,#43B5B5,#7C43B5
itu/H.245/2011_05_0_en..pdf,rfc/2198.txt,#43B5B5,#7C43B5
itu/H.245/2011_05_0_en..pdf,rfc/2733.txt,#43B5B5,#7C43B5
itu/H.245/2011_05_0_en..pdf,rfc/3550.txt,#43B5B5,#7C43B5
itu/H.245/2011_05_0_en..pdf,rfc/3711.txt,#43B5B5,#7C43B5
itu/H.245/2011_05_0_en..pdf,rfc/3985.txt,#43B5B5,#7C43B5
itu/H.245/2011_05_0_en..pdf,rfc/3267.txt,#43B5B5,#7C43B5
itu/H.245/2011_05_0_en..pdf,rfc/4733.txt,#43B5B5,#7C43B5
itu/H.245/2011_05_0_en..pdf,rfc/1890.txt,#43B5B5,#7C43B5
itu/H.245/2011_05_0_en..pdf,rfc/3389.txt,#43B5B5,#7C43B5
itu/H.245/2011_05_0_en..pdf,rfc/3951.txt,#43B5B5,#7C43B5
itu/H.245/2011_05_0_en..pdf,rfc/3952.txt,#43B5B5,#7C43B5
itu/H.245/2011_05_0_en..pdf,rfc/1490.txt,#43B5B5,#7C43B5
itu/H.245/2011_05_0_en..pdf,rfc/3984.txt,#43B5B5,#7C43B5
itu/H.245/2011_05_0_en..pdf,ISOStandard: 13818-1,#43B5B5,#7C43B5
itu/H.245/2011_05_0_en..pdf,ISOStandard: 13818-2,#43B5B5,#7C43B5
itu/H.245/2011_05_0_en..pdf,ISOStandard: 10918-3,#43B5B5,#7C43B5
itu/H.245/2011_05_0_en..pdf,iso/c068350_iso_iec_8824-1_2015.zip,#43B5B5,#B54343
itu/H.245/2011_05_0_en..pdf,iso/c068351_iso_iec_8824-2_2015.zip,#43B5B5,#7C43B5
itu/H.245/2011_05_0_en..pdf,iso/c068346_iso_iec_8825-2_2008.zip,#43B5B5,#7C43B5
itu/H.245/2011_05_0_en..pdf,ISOStandard: 13239,#43B5B5,#7C43B5
itu/H.245/2011_05_0_en..pdf,ISOStandard: 11172-2,#43B5B5,#7C43B5
itu/H.245/2011_05_0_en..pdf,ISOStandard: 11172-3,#43B5B5,#7C43B5
itu/H.245/2011_05_0_en..pdf,ISOStandard: 13818-3,#43B5B5,#7C43B5
itu/H.245/2011_05_0_en..pdf,ISOStandard: 13818-6,#43B5B5,#7C43B5
itu/H.245/2011_05_0_en..pdf,iso/c066069_iso_iec_14496-10_2014.zip,#43B5B5,#7C43B5
itu/H.245/2011_05_0_en..pdf,iso/c074461_iso_iec_14496-22_2019.zip,#43B5B5,#7C43B5
itu/H.245/2011_05_0_en..pdf,ISOStandard: 14496-3,#43B5B5,#7C43B5
itu/H.245/2011_05_0_en..pdf,iso/c031053_iso_iec_tr_9577_1999e.zip,#43B5B5,#7C43B5
itu/H.245/2011_05_0_en..pdf,iso/c069119_iso_iec_10646_2017.zip,#43B5B5,#7C43B5
itu/H.245/2011_05_0_en..pdf,ISOStandard: 13818-7,#43B5B5,#7C43B5
itu/H.245/2011_05_0_en..pdf,iso/c068345_iso_iec_8825-1_2015.zip,#43B5B5,#7C43B5
rfc/1340.txt,rfc/1340.txt,#43B5B5,#43B5B5
rfc/1340.txt,rfc/1112.txt,#43B5B5,#7C43B5
rfc/1340.txt,rfc/1034.txt,#43B5B5,#7C43B5
rfc/1340.txt,rfc/1035.txt,#43B5B5,#7C43B5
rfc/1340.txt,rfc/951.txt,#43B5B5,#7C43B5
rfc/1340.txt,rfc/1084.txt,#43B5B5,#7C43B5
rfc/1340.txt,rfc/1157.txt,#43B5B5,#7C43B5
rfc/1340.txt,rfc/1155.txt,#43B5B5,#7C43B5
rfc/1340.txt,rfc/1028.txt,#43B5B5,#7C43B5
rfc/1340.txt,rfc/878.txt,#43B5B5,#7C43B5
rfc/1340.txt,rfc/1005.txt,#43B5B5,#7C43B5
rfc/1340.txt,rfc/1042.txt,#43B5B5,#7C43B5
rfc/1340.txt,rfc/894.txt,#43B5B5,#7C43B5
rfc/1340.txt,rfc/895.txt,#43B5B5,#7C43B5
rfc/1340.txt,rfc/826.txt,#43B5B5,#7C43B5
rfc/1340.txt,rfc/903.txt,#43B5B5,#7C43B5
rfc/1340.txt,rfc/1293.txt,#43B5B5,#7C43B5
rfc/1340.txt,rfc/877.txt,#43B5B5,#7C43B5
rfc/1340.txt,rfc/822.txt,#43B5B5,#7C43B5
rfc/1340.txt,rfc/1341.txt,#43B5B5,#7C43B5
rfc/1340.txt,rfc/952.txt,#43B5B5,#7C43B5
rfc/1340.txt,rfc/930.txt,#43B5B5,#7C43B5
rfc/1340.txt,rfc/927.txt,#43B5B5,#7C43B5
rfc/1340.txt,rfc/530.txt,#43B5B5,#7C43B5
rfc/1340.txt,rfc/1116.txt,#43B5B5,#7C43B5
rfc/1340.txt,rfc/740.txt,#43B5B5,#7C43B5
rfc/1340.txt,rfc/1009.txt,#43B5B5,#7C43B5
rfc/1340.txt,rfc/985.txt,#43B5B5,#7C43B5
rfc/1340.txt,rfc/407.txt,#43B5B5,#7C43B5
rfc/1340.txt,rfc/441.txt,#43B5B5,#7C43B5
rfc/1340.txt,rfc/937.txt,#43B5B5,#7C43B5
rfc/1340.txt,rfc/1067.txt,#43B5B5,#7C43B5
rfc/1340.txt,rfc/1098.txt,#43B5B5,#7C43B5
rfc/1340.txt,rfc/983.txt,#43B5B5,#7C43B5
rfc/1340.txt,rfc/1045.txt,#43B5B5,#7C43B5
rfc/1340.txt,rfc/984.txt,#43B5B5,#7C43B5
rfc/1340.txt,rfc/969.txt,#43B5B5,#7C43B5
rfc/1340.txt,rfc/741.txt,#43B5B5,#7C43B5
rfc/1340.txt,rfc/727.txt,#43B5B5,#7C43B5
rfc/1340.txt,rfc/736.txt,#43B5B5,#7C43B5
rfc/1340.txt,rfc/734.txt,#43B5B5,#7C43B5
rfc/1340.txt,rfc/652.txt,#43B5B5,#7C43B5
rfc/1340.txt,rfc/655.txt,#43B5B5,#7C43B5
rfc/1340.txt,rfc/658.txt,#43B5B5,#7C43B5
rfc/1340.txt,rfc/654.txt,#43B5B5,#7C43B5
rfc/1340.txt,rfc/653.txt,#43B5B5,#7C43B5
rfc/1340.txt,rfc/657.txt,#43B5B5,#7C43B5
rfc/1340.txt,rfc/656.txt,#43B5B5,#7C43B5
rfc/1340.txt,rfc/735.txt,#43B5B5,#7C43B5
rfc/1340.txt,rfc/732.txt,#43B5B5,#7C43B5
rfc/1340.txt,rfc/988.txt,#43B5B5,#7C43B5
rfc/1340.txt,rfc/1054.txt,#43B5B5,#7C43B5
rfc/1340.txt,rfc/915.txt,#43B5B5,#7C43B5
rfc/1340.txt,rfc/749.txt,#43B5B5,#7C43B5
rfc/1340.txt,rfc/742.txt,#43B5B5,#7C43B5
rfc/1340.txt,rfc/810.txt,#43B5B5,#7C43B5
rfc/1340.txt,rfc/811.txt,#43B5B5,#7C43B5
rfc/1340.txt,rfc/812.txt,#43B5B5,#7C43B5
rfc/1340.txt,rfc/1079.txt,#43B5B5,#7C43B5
rfc/1340.txt,rfc/1080.txt,#43B5B5,#7C43B5
rfc/1340.txt,rfc/869.txt,#43B5B5,#7C43B5
rfc/1340.txt,rfc/823.txt,#43B5B5,#7C43B5
rfc/1340.txt,rfc/1280.txt,#43B5B5,#7C43B5
rfc/1340.txt,rfc/905.txt,#43B5B5,#7C43B5
rfc/1340.txt,rfc/926.txt,#43B5B5,#7C43B5
rfc/1340.txt,rfc/977.txt,#43B5B5,#7C43B5
rfc/1340.txt,rfc/779.txt,#43B5B5,#7C43B5
rfc/1340.txt,rfc/1053.txt,#43B5B5,#7C43B5
rfc/1340.txt,rfc/1113.txt,#43B5B5,#7C43B5
rfc/1340.txt,rfc/989.txt,#43B5B5,#7C43B5
rfc/1340.txt,rfc/1040.txt,#43B5B5,#7C43B5
rfc/1340.txt,rfc/1115.txt,#43B5B5,#7C43B5
rfc/1340.txt,rfc/913.txt,#43B5B5,#7C43B5
rfc/1340.txt,rfc/1096.txt,#43B5B5,#7C43B5
rfc/1340.txt,rfc/938.txt,#43B5B5,#7C43B5
rfc/1340.txt,rfc/1059.txt,#43B5B5,#7C43B5
rfc/1340.txt,rfc/1131.txt,#43B5B5,#7C43B5
rfc/1340.txt,rfc/946.txt,#43B5B5,#7C43B5
rfc/1340.txt,rfc/1086.txt,#43B5B5,#7C43B5
rfc/1340.txt,rfc/866.txt,#43B5B5,#7C43B5
rfc/1340.txt,rfc/864.txt,#43B5B5,#7C43B5
rfc/1340.txt,rfc/867.txt,#43B5B5,#7C43B5
rfc/1340.txt,rfc/863.txt,#43B5B5,#7C43B5
rfc/1340.txt,rfc/862.txt,#43B5B5,#7C43B5
rfc/1340.txt,rfc/959.txt,#43B5B5,#7C43B5
rfc/1340.txt,rfc/792.txt,#43B5B5,#7C43B5
rfc/1340.txt,rfc/759.txt,#43B5B5,#7C43B5
rfc/1340.txt,rfc/865.txt,#43B5B5,#7C43B5
rfc/1340.txt,rfc/818.txt,#43B5B5,#7C43B5
rfc/1340.txt,rfc/821.txt,#43B5B5,#7C43B5
rfc/1340.txt,rfc/885.txt,#43B5B5,#7C43B5
rfc/1340.txt,rfc/768.txt,#43B5B5,#7C43B5
rfc/1340.txt,rfc/791.txt,#43B5B5,#7C43B5
rfc/1340.txt,rfc/793.txt,#43B5B5,#7C43B5
rfc/1340.txt,rfc/726.txt,#43B5B5,#7C43B5
rfc/1340.txt,rfc/868.txt,#43B5B5,#7C43B5
rfc/1340.txt,rfc/861.txt,#43B5B5,#7C43B5
rfc/1340.txt,rfc/856.txt,#43B5B5,#7C43B5
rfc/1340.txt,rfc/857.txt,#43B5B5,#7C43B5
rfc/1340.txt,rfc/854.txt,#43B5B5,#7C43B5
rfc/1340.txt,rfc/859.txt,#43B5B5,#7C43B5
rfc/1340.txt,rfc/858.txt,#43B5B5,#7C43B5
rfc/1340.txt,rfc/860.txt,#43B5B5,#7C43B5
rfc/1340.txt,rfc/1041.txt,#43B5B5,#7C43B5
rfc/1340.txt,rfc/1011.txt,#43B5B5,#7C43B5
rfc/1340.txt,rfc/1166.txt,#43B5B5,#7C43B5
rfc/1340.txt,rfc/1213.txt,#43B5B5,#7C43B5
rfc/1340.txt,rfc/1225.txt,#43B5B5,#7C43B5
rfc/1340.txt,rfc/888.txt,#43B5B5,#7C43B5
rfc/1340.txt,rfc/933.txt,#43B5B5,#7C43B5
rfc/1340.txt,rfc/783.txt,#43B5B5,#7C43B5
rfc/1340.txt,rfc/884.txt,#43B5B5,#7C43B5
rfc/1340.txt,rfc/931.txt,#43B5B5,#7C43B5
rfc/1340.txt,rfc/824.txt,#43B5B5,#7C43B5
rfc/1340.txt,rfc/698.txt,#43B5B5,#7C43B5
rfc/1340.txt,rfc/908.txt,#43B5B5,#7C43B5
rfc/1340.txt,rfc/1073.txt,#43B5B5,#7C43B5
rfc/1340.txt,rfc/1075.txt,#43B5B5,#7C43B5
rfc/1340.txt,rfc/972.txt,#43B5B5,#7C43B5
rfc/1340.txt,rfc/1095.txt,#43B5B5,#7C43B5
rfc/1340.txt,rfc/1043.txt,#43B5B5,#7C43B5
rfc/1340.txt,rfc/1331.txt,#43B5B5,#7C43B5
rfc/1340.txt,rfc/1332.txt,#43B5B5,#7C43B5
rfc/1340.txt,rfc/1241.txt,#43B5B5,#7C43B5
rfc/1340.txt,rfc/1229.txt,#43B5B5,#7C43B5
rfc/1340.txt,rfc/1243.txt,#43B5B5,#7C43B5
rfc/1340.txt,rfc/1253.txt,#43B5B5,#7C43B5
rfc/1340.txt,rfc/1269.txt,#43B5B5,#7C43B5
rfc/1340.txt,rfc/1271.txt,#43B5B5,#7C43B5
rfc/1340.txt,rfc/1286.txt,#43B5B5,#7C43B5
rfc/1340.txt,rfc/1284.txt,#43B5B5,#7C43B5
rfc/1340.txt,rfc/1230.txt,#43B5B5,#7C43B5
rfc/1340.txt,rfc/1231.txt,#43B5B5,#7C43B5
rfc/1340.txt,rfc/1285.txt,#43B5B5,#7C43B5
rfc/1340.txt,rfc/1232.txt,#43B5B5,#7C43B5
rfc/1340.txt,rfc/1233.txt,#43B5B5,#7C43B5
rfc/1340.txt,rfc/1239.txt,#43B5B5,#7C43B5
rfc/1340.txt,rfc/1304.txt,#43B5B5,#7C43B5
rfc/1340.txt,rfc/1316.txt,#43B5B5,#7C43B5
rfc/1340.txt,rfc/1317.txt,#43B5B5,#7C43B5
rfc/1340.txt,rfc/1318.txt,#43B5B5,#7C43B5
rfc/1340.txt,rfc/1315.txt,#43B5B5,#7C43B5
rfc/1340.txt,rfc/1345.txt,#43B5B5,#7C43B5
rfc/1340.txt,rfc/1339.txt,#43B5B5,#7C43B5
rfc/1340.txt,rfc/1183.txt,#43B5B5,#7C43B5
rfc/1340.txt,rfc/1348.txt,#43B5B5,#7C43B5
rfc/1340.txt,rfc/1333.txt,#43B5B5,#7C43B5
rfc/1340.txt,rfc/1220.txt,#43B5B5,#7C43B5
rfc/1340.txt,rfc/1353.txt,#43B5B5,#7C43B5
rfc/1340.txt,ISOStandard: 8802,#43B5B5,#7C43B5
rfc/1340.txt,ISOStandard: 3309,#43B5B5,#7C43B5
rfc/1340.txt,iso/c031053_iso_iec_tr_9577_1999e.zip,#43B5B5,#7C43B5
itu/H.323/2009_12_0_en..pdf,itu/H.323/2009_12_0_en..pdf,#43B5B5,#43B5B5
itu/H.323/2009_12_0_en..pdf,itu/H.310/1998_09_0_en..pdf,#43B5B5,#7C43B5
itu/H.323/2009_12_0_en..pdf,itu/V.70/1996_08_0_en..pdf,#43B5B5,#7C43B5
itu/H.323/2009_12_0_en..pdf,itu/H.324/2009_04_0_en..pdf,#43B5B5,#7C43B5
itu/H.323/2009_12_0_en..pdf,itu/H.322/1996_03_0_en..pdf,#43B5B5,#7C43B5
itu/H.323/2009_12_0_en..pdf,itu/H.320/2004_03_0_en..pdf,#43B5B5,#7C43B5
itu/H.323/2009_12_0_en..pdf,itu/H.321/1998_02_0_en..pdf,#43B5B5,#7C43B5
itu/H.323/2009_12_0_en..pdf,itu/H.225.0/2009_12_0_en..pdf,#43B5B5,#7C43B5
itu/H.323/2009_12_0_en..pdf,itu/H.245/2009_12_1_en..pdf,#43B5B5,#7C43B5
itu/H.323/2009_12_0_en..pdf,itu/G.711/1988_11_0_en..pdf,#43B5B5,#7C43B5
itu/H.323/2009_12_0_en..pdf,itu/G.722/1988_11_1_en..pdf,#43B5B5,#7C43B5
itu/H.323/2009_12_0_en..pdf,itu/G.723.1/2006_05_0_en..zip,#43B5B5,#7C43B5
itu/H.323/2009_12_0_en..pdf,itu/G.728/1992_09_1_en..pdf,#43B5B5,#7C43B5
itu/H.323/2009_12_0_en..pdf,itu/G.729/1996_03_1_en..zip,#43B5B5,#7C43B5
itu/H.323/2009_12_0_en..pdf,itu/H.261/1993_03_0_en..pdf,#43B5B5,#7C43B5
itu/H.323/2009_12_0_en..pdf,itu/H.263/2005_01_0_en..pdf,#43B5B5,#7C43B5
itu/H.323/2009_12_0_en..pdf,itu/T.120/2007_01_0_en..pdf,#43B5B5,#7C43B5
itu/H.323/2009_12_0_en..pdf,itu/Q.931/1998_05_0_en..pdf,#43B5B5,#7C43B5
itu/H.323/2009_12_0_en..pdf,itu/Q.932/1998_05_0_en..pdf,#43B5B5,#7C43B5
itu/H.323/2009_12_0_en..pdf,itu/Q.950/2000_06_0_en..pdf,#43B5B5,#7C43B5
itu/H.323/2009_12_0_en..pdf,itu/E.164/2005_02_1_en..pdf,#43B5B5,#7C43B5
itu/H.323/2009_12_0_en..pdf,itu/H.246/2006_05_0_en..pdf,#43B5B5,#7C43B5
itu/H.323/2009_12_0_en..pdf,itu/H.235.0/2005_09_1_en..pdf,#43B5B5,#7C43B5
itu/H.323/2009_12_0_en..pdf,itu/H.332/1998_09_0_en..pdf,#43B5B5,#7C43B5
itu/H.323/2009_12_0_en..pdf,itu/H.450.1/1998_02_1_en..pdf,#43B5B5,#7C43B5
itu/H.323/2009_12_0_en..pdf,itu/I.363.5/1996_08_0_en..pdf,#43B5B5,#7C43B5
itu/H.323/2009_12_0_en..pdf,itu/Q.2931/1995_02_0_en..pdf,#43B5B5,#7C43B5
itu/H.323/2009_12_0_en..pdf,itu/I.356/2000_03_0_en..pdf,#43B5B5,#7C43B5
itu/H.323/2009_12_0_en..pdf,itu/I.371/2004_03_0_en..pdf,#43B5B5,#7C43B5
itu/H.323/2009_12_0_en..pdf,itu/Q.2961.2/1997_06_0_en..pdf,#43B5B5,#7C43B5
itu/H.323/2009_12_0_en..pdf,itu/H.282/1999_05_2_en..pdf,#43B5B5,#7C43B5
itu/H.323/2009_12_0_en..pdf,itu/H.283/1999_05_2_en..pdf,#43B5B5,#7C43B5
itu/H.323/2009_12_0_en..pdf,itu/Q.2941.2/1999_12_0_en..pdf,#43B5B5,#7C43B5
itu/H.323/2009_12_0_en..pdf,itu/H.450.2/1998_02_1_en..pdf,#43B5B5,#7C43B5
itu/H.323/2009_12_0_en..pdf,itu/H.450.4/1999_05_1_en..pdf,#43B5B5,#7C43B5
itu/H.323/2009_12_0_en..pdf,itu/H.248.1/2005_09_1_en..pdf,#43B5B5,#7C43B5
itu/H.323/2009_12_0_en..pdf,ITURecommendation: Q.951,#43B5B5,#7C43B5
itu/H.323/2009_12_0_en..pdf,itu/H.450.3/1998_02_1_en..pdf,#43B5B5,#7C43B5
itu/H.323/2009_12_0_en..pdf,itu/H.450.5/1999_05_1_en..pdf,#43B5B5,#7C43B5
itu/H.323/2009_12_0_en..pdf,itu/H.450.6/1999_05_0_en..pdf,#43B5B5,#7C43B5
itu/H.323/2009_12_0_en..pdf,itu/H.450.7/1999_05_1_en..pdf,#43B5B5,#7C43B5
itu/H.323/2009_12_0_en..pdf,itu/H.450.8/2000_02_1_en..pdf,#43B5B5,#7C43B5
itu/H.323/2009_12_0_en..pdf,itu/H.222.0/2006_05_1_en..pdf,#43B5B5,#7C43B5
itu/H.323/2009_12_0_en..pdf,itu/H.223/2001_07_0_en..pdf,#43B5B5,#7C43B5
itu/H.323/2009_12_0_en..pdf,itu/Z.100/2007_11_1_en..pdf,#43B5B5,#7C43B5
itu/H.323/2009_12_0_en..pdf,itu/V.21/1988_11_0_en..pdf,#43B5B5,#7C43B5
itu/H.323/2009_12_0_en..pdf,itu/T.30/2005_09_0_en..pdf,#43B5B5,#7C43B5
itu/H.323/2009_12_0_en..pdf,itu/T.38/2007_04_1_en..pdf,#43B5B5,#7C43B5
itu/H.323/2009_12_0_en..pdf,itu/H.264/2009_03_1_en..pdf,#43B5B5,#7C43B5
itu/H.323/2009_12_0_en..pdf,itu/H.241/2006_05_1_en..pdf,#43B5B5,#7C43B5
itu/H.323/2009_12_0_en..pdf,ITURecommendation: G.723,#43B5B5,#7C43B5
itu/H.323/2009_12_0_en..pdf,itu/G.729/2007_01_1_en..zip,#43B5B5,#7C43B5
itu/H.323/2009_12_0_en..pdf,itu/G.723.1/1996_03_1_en..pdf,#43B5B5,#7C43B5
itu/H.323/2009_12_0_en..pdf,itu/T.123/2007_01_0_en..pdf,#43B5B5,#7C43B5
itu/H.323/2009_12_0_en..pdf,itu/T.124/2007_01_0_en..pdf,#43B5B5,#7C43B5
itu/H.323/2009_12_0_en..pdf,itu/H.230/2009_03_0_en..pdf,#43B5B5,#7C43B5
itu/H.323/2009_12_0_en..pdf,itu/H.248/2001_07_1_en.AnnL.pdf,#43B5B5,#7C43B5
itu/H.323/2009_12_0_en..pdf,itu/H.243/2005_10_0_en..pdf,#43B5B5,#7C43B5
itu/H.323/2009_12_0_en..pdf,itu/H.248.3/2000_11_1_en..pdf,#43B5B5,#7C43B5
itu/H.323/2009_12_0_en..pdf,itu/H.248.7/2004_03_0_en..pdf,#43B5B5,#7C43B5
itu/H.323/2009_12_0_en..pdf,itu/H.239/2005_09_1_en..pdf,#43B5B5,#7C43B5
itu/H.323/2009_12_0_en..pdf,itu/I.361/1999_02_0_en..pdf,#43B5B5,#7C43B5
itu/H.323/2009_12_0_en..pdf,itu/T.140/1998_02_0_en..pdf,#43B5B5,#7C43B5
itu/H.323/2009_12_0_en..pdf,itu/H.323/1998_02_1_en..pdf,#43B5B5,#7C43B5
itu/H.323/2009_12_0_en..pdf,itu/H.225.0/1998_02_1_en..pdf,#43B5B5,#7C43B5
itu/H.323/2009_12_0_en..pdf,itu/H.245/1998_09_1_en..pdf,#43B5B5,#7C43B5
itu/H.323/2009_12_0_en..pdf,itu/H.224/2005_01_0_en..pdf,#43B5B5,#7C43B5
itu/H.323/2009_12_0_en..pdf,itu/H.221/2009_03_0_en..pdf,#43B5B5,#7C43B5
itu/H.323/2009_12_0_en..pdf,itu/V.18/2000_11_0_en..pdf,#43B5B5,#7C43B5
itu/H.323/2009_12_0_en..pdf,itu/V.34/1998_02_0_en..pdf,#43B5B5,#7C43B5
itu/H.323/2009_12_0_en..pdf,itu/H.235.1/2005_09_0_en..pdf,#43B5B5,#7C43B5
itu/H.323/2009_12_0_en..pdf,itu/H.235.6/2005_09_1_en..pdf,#43B5B5,#7C43B5
itu/H.323/2009_12_0_en..pdf,itu/H.235.6/2009_03_1_en..pdf,#43B5B5,#7C43B5
itu/H.323/2009_12_0_en..pdf,ITURecommendation: H.450,#43B5B5,#7C43B5
itu/H.323/2009_12_0_en..pdf,itu/X.691/2008_11_1_en..pdf,#43B5B5,#7C43B5
itu/H.323/2009_12_0_en..pdf,itu/X.690/2008_11_1_en..pdf,#43B5B5,#7C43B5
itu/H.323/2009_12_0_en..pdf,itu/Q.763/1999_12_0_en..pdf,#43B5B5,#7C43B5
itu/H.323/2009_12_0_en..pdf,itu/Q.764/1999_12_0_en..pdf,#43B5B5,#7C43B5
itu/H.323/2009_12_0_en..pdf,itu/Q.763/1988_11_1_en..pdf,#43B5B5,#7C43B5
itu/H.323/2009_12_0_en..pdf,itu/Q.1980.1/2004_12_0_en..pdf,#43B5B5,#7C43B5
itu/H.323/2009_12_0_en..pdf,itu/X.1303/2007_09_0_en..pdf,#43B5B5,#7C43B5
itu/H.323/2009_12_0_en..pdf,itu/V.150.1/2003_01_0_en..pdf,#43B5B5,#7C43B5
itu/H.323/2009_12_0_en..pdf,itu/H.460.6/2002_11_1_en..pdf,#43B5B5,#7C43B5
itu/H.323/2009_12_0_en..pdf,itu/H.281/1994_11_0_en..pdf,#43B5B5,#7C43B5
itu/H.323/2009_12_0_en..pdf,itu/X.680/2002_07_1_en..pdf,#43B5B5,#7C43B5
itu/H.323/2009_12_0_en..pdf,itu/G.722.1/2005_05_0_en..zip,#43B5B5,#7C43B5
itu/H.323/2009_12_0_en..pdf,itu/D.160/1988_11_0_en..pdf,#43B5B5,#7C43B5
itu/H.323/2009_12_0_en..pdf,rfc/2616.txt,#43B5B5,#7C43B5
itu/H.323/2009_12_0_en..pdf,rfc/2045.txt,#43B5B5,#7C43B5
itu/H.323/2009_12_0_en..pdf,rfc/3986.txt,#43B5B5,#7C43B5
itu/H.323/2009_12_0_en..pdf,rfc/5234.txt,#43B5B5,#7C43B5
itu/H.323/2009_12_0_en..pdf,rfc/4733.txt,#43B5B5,#7C43B5
itu/H.323/2009_12_0_en..pdf,rfc/4103.txt,#43B5B5,#7C43B5
itu/H.323/2009_12_0_en..pdf,rfc/4351.txt,#43B5B5,#7C43B5
itu/H.323/2009_12_0_en..pdf,rfc/2268.txt,#43B5B5,#7C43B5
itu/H.323/2009_12_0_en..pdf,rfc/2660.txt,#43B5B5,#7C43B5
itu/H.323/2009_12_0_en..pdf,rfc/2854.txt,#43B5B5,#7C43B5
itu/H.323/2009_12_0_en..pdf,rfc/1034.txt,#43B5B5,#7C43B5
itu/H.323/2009_12_0_en..pdf,rfc/2782.txt,#43B5B5,#7C43B5
itu/H.323/2009_12_0_en..pdf,rfc/768.txt,#43B5B5,#7C43B5
itu/H.323/2009_12_0_en..pdf,rfc/793.txt,#43B5B5,#7C43B5
itu/H.323/2009_12_0_en..pdf,rfc/1006.txt,#43B5B5,#7C43B5
itu/H.323/2009_12_0_en..pdf,rfc/3966.txt,#43B5B5,#7C43B5
itu/H.323/2009_12_0_en..pdf,rfc/3761.txt,#43B5B5,#7C43B5
itu/H.323/2009_12_0_en..pdf,rfc/4960.txt,#43B5B5,#7C43B5
itu/H.323/2009_12_0_en..pdf,rfc/2198.txt,#43B5B5,#7C43B5
itu/H.323/2009_12_0_en..pdf,rfc/5352.txt,#43B5B5,#7C43B5
itu/H.323/2009_12_0_en..pdf,rfc/5353.txt,#43B5B5,#7C43B5
itu/H.323/2009_12_0_en..pdf,iso/c069119_iso_iec_10646_2017.zip,#43B5B5,#7C43B5
itu/H.323/2009_12_0_en..pdf,iso/c029520_iso_iec_11571_1998e.zip,#43B5B5,#7C43B5
itu/H.323/2009_12_0_en..pdf,iso/c031613_iso_iec_11572_2000e.zip,#43B5B5,#7C43B5
itu/H.323/2009_12_0_en..pdf,ISOStandard: 4217,#43B5B5,#7C43B5
itu/H.323/2009_12_0_en..pdf,iso/c068346_iso_iec_8825-2_2008.zip,#43B5B5,#7C43B5
itu/H.323/2009_12_0_en..pdf,iso/c036049_iso_iec_11582_2002e.zip,#43B5B5,#7C43B5
itu/H.323/2009_12_0_en..pdf,iso/c068345_iso_iec_8825-1_2015.zip,#43B5B5,#7C43B5
itu/H.323/2009_12_0_en..pdf,iso/c068350_iso_iec_8824-1_2015.zip,#43B5B5,#B54343
rfc/2828.txt,rfc/2828.txt,#43B5B5,#43B5B5
rfc/2828.txt,rfc/768.txt,#43B5B5,#7C43B5
rfc/2828.txt,rfc/791.txt,#43B5B5,#7C43B5
rfc/2828.txt,rfc/1885.txt,#43B5B5,#7C43B5
rfc/2828.txt,rfc/822.txt,#43B5B5,#7C43B5
rfc/2828.txt,rfc/854.txt,#43B5B5,#7C43B5
rfc/2828.txt,rfc/959.txt,#43B5B5,#7C43B5
rfc/2828.txt,rfc/1034.txt,#43B5B5,#7C43B5
rfc/2828.txt,rfc/1208.txt,#43B5B5,#7C43B5
rfc/2828.txt,rfc/1319.txt,#43B5B5,#7C43B5
rfc/2828.txt,rfc/1320.txt,#43B5B5,#7C43B5
rfc/2828.txt,rfc/1321.txt,#43B5B5,#7C43B5
rfc/2828.txt,rfc/1334.txt,#43B5B5,#7C43B5
rfc/2828.txt,rfc/1413.txt,#43B5B5,#7C43B5
rfc/2828.txt,rfc/1421.txt,#43B5B5,#7C43B5
rfc/2828.txt,rfc/1422.txt,#43B5B5,#7C43B5
rfc/2828.txt,rfc/1457.txt,#43B5B5,#7C43B5
rfc/2828.txt,rfc/1492.txt,#43B5B5,#7C43B5
rfc/2828.txt,rfc/1507.txt,#43B5B5,#7C43B5
rfc/2828.txt,rfc/1510.txt,#43B5B5,#7C43B5
rfc/2828.txt,rfc/1630.txt,#43B5B5,#7C43B5
rfc/2828.txt,rfc/1661.txt,#43B5B5,#7C43B5
rfc/2828.txt,rfc/1731.txt,#43B5B5,#7C43B5
rfc/2828.txt,rfc/1734.txt,#43B5B5,#7C43B5
rfc/2828.txt,rfc/1738.txt,#43B5B5,#7C43B5
rfc/2828.txt,rfc/1750.txt,#43B5B5,#7C43B5
rfc/2828.txt,rfc/1777.txt,#43B5B5,#7C43B5
rfc/2828.txt,rfc/1824.txt,#43B5B5,#7C43B5
rfc/2828.txt,rfc/1828.txt,#43B5B5,#7C43B5
rfc/2828.txt,rfc/1829.txt,#43B5B5,#7C43B5
rfc/2828.txt,rfc/1848.txt,#43B5B5,#7C43B5
rfc/2828.txt,rfc/1851.txt,#43B5B5,#7C43B5
rfc/2828.txt,rfc/1866.txt,#43B5B5,#7C43B5
rfc/2828.txt,rfc/1928.txt,#43B5B5,#7C43B5
rfc/2828.txt,rfc/1939.txt,#43B5B5,#7C43B5
rfc/2828.txt,rfc/1958.txt,#43B5B5,#7C43B5
rfc/2828.txt,rfc/1994.txt,#43B5B5,#7C43B5
rfc/2828.txt,rfc/2023.txt,#43B5B5,#7C43B5
rfc/2828.txt,rfc/2026.txt,#43B5B5,#7C43B5
rfc/2828.txt,rfc/2045.txt,#43B5B5,#7C43B5
rfc/2828.txt,rfc/2060.txt,#43B5B5,#7C43B5
rfc/2828.txt,rfc/2065.txt,#43B5B5,#7C43B5
rfc/2828.txt,rfc/2078.txt,#43B5B5,#7C43B5
rfc/2828.txt,rfc/2084.txt,#43B5B5,#7C43B5
rfc/2828.txt,rfc/2104.txt,#43B5B5,#7C43B5
rfc/2828.txt,rfc/2119.txt,#43B5B5,#B54343
rfc/2828.txt,rfc/2138.txt,#43B5B5,#7C43B5
rfc/2828.txt,rfc/2137.txt,#43B5B5,#7C43B5
rfc/2828.txt,rfc/2179.txt,#43B5B5,#7C43B5
rfc/2828.txt,rfc/2195.txt,#43B5B5,#7C43B5
rfc/2828.txt,rfc/2196.txt,#43B5B5,#7C43B5
rfc/2828.txt,rfc/2202.txt,#43B5B5,#7C43B5
rfc/2828.txt,rfc/2222.txt,#43B5B5,#7C43B5
rfc/2828.txt,rfc/2223.txt,#43B5B5,#7C43B5
rfc/2828.txt,rfc/2246.txt,#43B5B5,#7C43B5
rfc/2828.txt,rfc/2284.txt,#43B5B5,#7C43B5
rfc/2828.txt,rfc/2315.txt,#43B5B5,#7C43B5
rfc/2828.txt,rfc/2323.txt,#43B5B5,#7C43B5
rfc/2828.txt,rfc/2350.txt,#43B5B5,#7C43B5
rfc/2828.txt,rfc/2356.txt,#43B5B5,#7C43B5
rfc/2828.txt,rfc/2373.txt,#43B5B5,#7C43B5
rfc/2828.txt,rfc/2401.txt,#43B5B5,#7C43B5
rfc/2828.txt,rfc/2403.txt,#43B5B5,#7C43B5
rfc/2828.txt,rfc/2404.txt,#43B5B5,#7C43B5
rfc/2828.txt,rfc/2405.txt,#43B5B5,#7C43B5
rfc/2828.txt,rfc/2406.txt,#43B5B5,#7C43B5
rfc/2828.txt,rfc/2407.txt,#43B5B5,#7C43B5
rfc/2828.txt,rfc/2408.txt,#43B5B5,#7C43B5
rfc/2828.txt,rfc/2409.txt,#43B5B5,#7C43B5
rfc/2828.txt,rfc/2410.txt,#43B5B5,#7C43B5
rfc/2828.txt,rfc/2451.txt,#43B5B5,#7C43B5
rfc/2828.txt,rfc/2460.txt,#43B5B5,#7C43B5
rfc/2828.txt,rfc/2504.txt,#43B5B5,#7C43B5
rfc/2828.txt,rfc/2510.txt,#43B5B5,#7C43B5
rfc/2828.txt,rfc/2527.txt,#43B5B5,#7C43B5
rfc/2828.txt,rfc/2536.txt,#43B5B5,#7C43B5
rfc/2828.txt,rfc/2570.txt,#43B5B5,#7C43B5
rfc/2828.txt,rfc/2574.txt,#43B5B5,#7C43B5
rfc/2828.txt,rfc/2612.txt,#43B5B5,#7C43B5
rfc/2828.txt,rfc/2616.txt,#43B5B5,#7C43B5
rfc/2828.txt,rfc/2630.txt,#43B5B5,#7C43B5
rfc/2828.txt,rfc/2633.txt,#43B5B5,#7C43B5
rfc/2828.txt,rfc/2634.txt,#43B5B5,#7C43B5
rfc/2828.txt,rfc/2635.txt,#43B5B5,#7C43B5
rfc/2828.txt,ISOStandard: 9000,#43B5B5,#7C43B5
rfc/2828.txt,ISOStandard: 9074-1989,#43B5B5,#7C43B5
rfc/2828.txt,ISOStandard: 8601,#43B5B5,#7C43B5
rfc/2828.txt,ISOStandard: 11586,#43B5B5,#7C43B5
rfc/2828.txt,ISOStandard: 8807-1990,#43B5B5,#7C43B5
rfc/2828.txt,ISOStandard: 9594-8,#43B5B5,#7C43B5
rfc/2828.txt,ISOStandard: 3166-1,#43B5B5,#7C43B5
rfc/2828.txt,iso/s020269_iso_iec_7498-1_1994e.zip,#43B5B5,#B54343
rfc/2828.txt,ISOStandard: 7499-2,#43B5B5,#7C43B5
rfc/2828.txt,iso/s014258_iso_iec_7498-4_1989e.zip,#43B5B5,#7C43B5
rfc/2828.txt,ISOStandard: 7812-1,#43B5B5,#7C43B5
rfc/2828.txt,ISOStandard: 7812-2,#43B5B5,#7C43B5
rfc/2828.txt,ISOStandard: 9945-1,#43B5B5,#7C43B5
rfc/2828.txt,iso/c050341_iso_iec_15408-1_2009.zip,#43B5B5,#7C43B5
rfc/2828.txt,ISOStandard: 9594-1,#43B5B5,#7C43B5
rfc/2828.txt,iso/c068350_iso_iec_8824-1_2015.zip,#43B5B5,#B54343
rfc/2828.txt,iso/c068345_iso_iec_8825-1_2015.zip,#43B5B5,#7C43B5
itu/H.248.1/2013_03_0_en..pdf,itu/H.248.1/2013_03_0_en..pdf,#43B5B5,#43B5B5
itu/H.248.1/2013_03_0_en..pdf,itu/H.246/2006_05_0_en..pdf,#43B5B5,#7C43B5
itu/H.248.1/2013_03_0_en..pdf,itu/H.248.1/2002_03_1_en..pdf,#43B5B5,#7C43B5
itu/H.248.1/2013_03_0_en..pdf,itu/E.106/2003_10_0_en..pdf,#43B5B5,#7C43B5
itu/H.248.1/2013_03_0_en..pdf,itu/E.107/2007_02_0_en..pdf,#43B5B5,#7C43B5
itu/H.248.1/2013_03_0_en..pdf,itu/H.225.0/2009_12_0_en..pdf,#43B5B5,#7C43B5
itu/H.248.1/2013_03_0_en..pdf,itu/H.235.0/2005_09_1_en..pdf,#43B5B5,#7C43B5
itu/H.248.1/2013_03_0_en..pdf,itu/H.245/2011_05_0_en..pdf,#43B5B5,#43B5B5
itu/H.248.1/2013_03_0_en..pdf,itu/H.248.4/2009_12_0_en..pdf,#43B5B5,#7C43B5
itu/H.248.1/2013_03_0_en..pdf,itu/H.248.5/2009_12_0_en..pdf,#43B5B5,#7C43B5
itu/H.248.1/2013_03_0_en..pdf,itu/H.248.8/2013_03_0_en..pdf,#43B5B5,#7C43B5
itu/H.248.1/2013_03_0_en..pdf,itu/H.248.14/2009_03_0_en..pdf,#43B5B5,#7C43B5
itu/H.248.1/2013_03_0_en..pdf,itu/H.248.30/2007_01_0_en..pdf,#43B5B5,#7C43B5
itu/H.248.1/2013_03_0_en..pdf,itu/H.323/2009_12_0_en..pdf,#43B5B5,#43B5B5
itu/H.248.1/2013_03_0_en..pdf,itu/I.363.1/1996_08_0_en..pdf,#43B5B5,#7C43B5
itu/H.248.1/2013_03_0_en..pdf,itu/I.363.2/2000_11_0_en..pdf,#43B5B5,#7C43B5
itu/H.248.1/2013_03_0_en..pdf,itu/I.363.5/1996_08_0_en..pdf,#43B5B5,#7C43B5
itu/H.248.1/2013_03_0_en..pdf,itu/I.366.1/1998_06_0_en..pdf,#43B5B5,#7C43B5
itu/H.248.1/2013_03_0_en..pdf,itu/I.366.2/2000_11_0_en..pdf,#43B5B5,#7C43B5
itu/H.248.1/2013_03_0_en..pdf,itu/I.371/2004_03_0_en..pdf,#43B5B5,#7C43B5
itu/H.248.1/2013_03_0_en..pdf,itu/Q.763/1999_12_0_en..pdf,#43B5B5,#7C43B5
itu/H.248.1/2013_03_0_en..pdf,itu/Q.765.5/2004_04_0_en..pdf,#43B5B5,#7C43B5
itu/H.248.1/2013_03_0_en..pdf,itu/Q.931/1998_05_0_en..pdf,#43B5B5,#7C43B5
itu/H.248.1/2013_03_0_en..pdf,itu/Q.2630.1/1999_12_0_en..pdf,#43B5B5,#7C43B5
itu/H.248.1/2013_03_0_en..pdf,itu/Q.2931/1995_02_0_en..pdf,#43B5B5,#7C43B5
itu/H.248.1/2013_03_0_en..pdf,itu/Q.2941.1/1997_09_0_en..pdf,#43B5B5,#7C43B5
itu/H.248.1/2013_03_0_en..pdf,itu/Q.2961.1/1995_10_0_en..pdf,#43B5B5,#7C43B5
itu/H.248.1/2013_03_0_en..pdf,itu/Q.2961.2/1997_06_0_en..pdf,#43B5B5,#7C43B5
itu/H.248.1/2013_03_0_en..pdf,itu/Q.2965.1/1999_03_0_en..pdf,#43B5B5,#7C43B5
itu/H.248.1/2013_03_0_en..pdf,itu/Q.2965.2/1999_12_0_en..pdf,#43B5B5,#7C43B5
itu/H.248.1/2013_03_0_en..pdf,itu/V.76/1996_08_0_en..pdf,#43B5B5,#7C43B5
itu/H.248.1/2013_03_0_en..pdf,itu/X.213/2001_10_0_en..pdf,#43B5B5,#7C43B5
itu/H.248.1/2013_03_0_en..pdf,itu/X.680/2008_11_1_en..pdf,#43B5B5,#7C43B5
itu/H.248.1/2013_03_0_en..pdf,itu/X.690/2008_11_1_en..pdf,#43B5B5,#7C43B5
itu/H.248.1/2013_03_0_en..pdf,itu/T.120/2007_01_0_en..pdf,#43B5B5,#7C43B5
itu/H.248.1/2013_03_0_en..pdf,itu/H.248/2001_07_1_en.AnnL.pdf,#43B5B5,#7C43B5
itu/H.248.1/2013_03_0_en..pdf,itu/H.221/2009_03_0_en..pdf,#43B5B5,#7C43B5
itu/H.248.1/2013_03_0_en..pdf,itu/H.320/2004_03_0_en..pdf,#43B5B5,#7C43B5
itu/H.248.1/2013_03_0_en..pdf,itu/H.226/1998_09_0_en..pdf,#43B5B5,#7C43B5
itu/H.248.1/2013_03_0_en..pdf,itu/H.223/2001_07_0_en..pdf,#43B5B5,#7C43B5
itu/H.248.1/2013_03_0_en..pdf,itu/H.324/2009_04_0_en..pdf,#43B5B5,#7C43B5
itu/H.248.1/2013_03_0_en..pdf,itu/G.711/1988_11_0_en..pdf,#43B5B5,#7C43B5
itu/H.248.1/2013_03_0_en..pdf,itu/G.729/2012_06_0_en..zip,#43B5B5,#7C43B5
itu/H.248.1/2013_03_0_en..pdf,itu/V.18/2000_11_0_en..pdf,#43B5B5,#7C43B5
itu/H.248.1/2013_03_0_en..pdf,itu/V.22/1988_11_0_en..pdf,#43B5B5,#7C43B5
itu/H.248.1/2013_03_0_en..pdf,itu/V.32/1993_03_0_en..pdf,#43B5B5,#7C43B5
itu/H.248.1/2013_03_0_en..pdf,itu/V.34/1998_02_0_en..pdf,#43B5B5,#7C43B5
itu/H.248.1/2013_03_0_en..pdf,itu/V.90/1998_09_0_en..pdf,#43B5B5,#7C43B5
itu/H.248.1/2013_03_0_en..pdf,itu/V.91/1999_05_0_en..pdf,#43B5B5,#7C43B5
itu/H.248.1/2013_03_0_en..pdf,itu/V.152/2010_09_0_en..pdf,#43B5B5,#7C43B5
itu/H.248.1/2013_03_0_en..pdf,itu/G.723.1/1996_03_1_en..pdf,#43B5B5,#7C43B5
itu/H.248.1/2013_03_0_en..pdf,itu/Q.1400/1993_03_0_en..pdf,#43B5B5,#7C43B5
itu/H.248.1/2013_03_0_en..pdf,itu/G.726/1990_12_0_en..pdf,#43B5B5,#7C43B5
itu/H.248.1/2013_03_0_en..pdf,itu/I.460/1999_02_0_en..pdf,#43B5B5,#7C43B5
itu/H.248.1/2013_03_0_en..pdf,ITURecommendation: V.6,#43B5B5,#7C43B5
itu/H.248.1/2013_03_0_en..pdf,itu/V.110/2000_02_0_en..pdf,#43B5B5,#7C43B5
itu/H.248.1/2013_03_0_en..pdf,itu/V.14/1993_03_0_en..pdf,#43B5B5,#7C43B5
itu/H.248.1/2013_03_0_en..pdf,itu/X.1/2000_03_0_en..pdf,#43B5B5,#7C43B5
itu/H.248.1/2013_03_0_en..pdf,itu/V.21/1988_11_0_en..pdf,#43B5B5,#7C43B5
itu/H.248.1/2013_03_0_en..pdf,itu/V.23/1988_11_0_en..pdf,#43B5B5,#7C43B5
itu/H.248.1/2013_03_0_en..pdf,itu/V.26/1988_11_0_en..pdf,#43B5B5,#7C43B5
itu/H.248.1/2013_03_0_en..pdf,itu/V.27/1988_11_0_en..pdf,#43B5B5,#7C43B5
itu/H.248.1/2013_03_0_en..pdf,itu/V.29/1988_11_0_en..pdf,#43B5B5,#7C43B5
itu/H.248.1/2013_03_0_en..pdf,itu/Q.921/1997_09_0_en..pdf,#43B5B5,#7C43B5
itu/H.248.1/2013_03_0_en..pdf,itu/X.25/1996_10_0_en..pdf,#43B5B5,#7C43B5
itu/H.248.1/2013_03_0_en..pdf,itu/E.180/1998_03_0_en..pdf,#43B5B5,#7C43B5
itu/H.248.1/2013_03_0_en..pdf,itu/Q.724/1988_11_0_en..zip,#43B5B5,#7C43B5
itu/H.248.1/2013_03_0_en..pdf,itu/Q.764/1999_12_0_en..pdf,#43B5B5,#7C43B5
itu/H.248.1/2013_03_0_en..pdf,itu/Q.1902.4/2001_07_0_en..pdf,#43B5B5,#7C43B5
itu/H.248.1/2013_03_0_en..pdf,itu/H.263/2005_01_0_en..pdf,#43B5B5,#7C43B5
itu/H.248.1/2013_03_0_en..pdf,itu/H.248.18/2013_03_0_en..pdf,#43B5B5,#7C43B5
itu/H.248.1/2013_03_0_en..pdf,itu/H.248.7/2004_03_0_en..pdf,#43B5B5,#7C43B5
itu/H.248.1/2013_03_0_en..pdf,itu/H.248.47/2008_07_0_en..pdf,#43B5B5,#7C43B5
itu/H.248.1/2013_03_0_en..pdf,rfc/791.txt,#43B5B5,#7C43B5
itu/H.248.1/2013_03_0_en..pdf,rfc/1006.txt,#43B5B5,#7C43B5
itu/H.248.1/2013_03_0_en..pdf,rfc/2234.txt,#43B5B5,#7C43B5
itu/H.248.1/2013_03_0_en..pdf,rfc/2327.txt,#43B5B5,#7C43B5
itu/H.248.1/2013_03_0_en..pdf,rfc/2373.txt,#43B5B5,#7C43B5
itu/H.248.1/2013_03_0_en..pdf,rfc/2401.txt,#43B5B5,#7C43B5
itu/H.248.1/2013_03_0_en..pdf,rfc/2402.txt,#43B5B5,#7C43B5
itu/H.248.1/2013_03_0_en..pdf,rfc/2406.txt,#43B5B5,#7C43B5
itu/H.248.1/2013_03_0_en..pdf,rfc/2409.txt,#43B5B5,#7C43B5
itu/H.248.1/2013_03_0_en..pdf,rfc/2460.txt,#43B5B5,#7C43B5
itu/H.248.1/2013_03_0_en..pdf,rfc/3550.txt,#43B5B5,#7C43B5
itu/H.248.1/2013_03_0_en..pdf,rfc/3551.txt,#43B5B5,#7C43B5
itu/H.248.1/2013_03_0_en..pdf,rfc/3556.txt,#43B5B5,#7C43B5
itu/H.248.1/2013_03_0_en..pdf,rfc/5226.txt,#43B5B5,#7C43B5
itu/H.248.1/2013_03_0_en..pdf,rfc/5615.txt,#43B5B5,#7C43B5
itu/H.248.1/2013_03_0_en..pdf,rfc/4566.txt,#43B5B5,#7C43B5
itu/H.248.1/2013_03_0_en..pdf,rfc/3389.txt,#43B5B5,#7C43B5
itu/H.248.1/2013_03_0_en..pdf,rfc/4733.txt,#43B5B5,#7C43B5
itu/H.248.1/2013_03_0_en..pdf,rfc/2411.txt,#43B5B5,#7C43B5
itu/H.248.1/2013_03_0_en..pdf,rfc/1890.txt,#43B5B5,#7C43B5
itu/H.248.1/2013_03_0_en..pdf,rfc/1661.txt,#43B5B5,#7C43B5
itu/H.248.1/2013_03_0_en..pdf,rfc/3611.txt,#43B5B5,#7C43B5
itu/H.248.1/2013_03_0_en..pdf,rfc/2805.txt,#43B5B5,#7C43B5
itu/H.248.1/2013_03_0_en..pdf,iso/c035872_iso_iec_8348_2002e.zip,#43B5B5,#7C43B5
itu/H.248.1/2013_03_0_en..pdf,iso/c068350_iso_iec_8824-1_2015.zip,#43B5B5,#B54343
itu/H.248.1/2013_03_0_en..pdf,iso/c068345_iso_iec_8825-1_2015.zip,#43B5B5,#7C43B5
itu/H.248.1/2013_03_0_en..pdf,iso/c069119_iso_iec_10646_2017.zip,#43B5B5,#7C43B5
itu/H.248.1/2013_03_0_en..pdf,ISOStandard: 8601,#43B5B5,#7C43B5
itu/H.248.1/2013_03_0_en..pdf,ISOStandard: 8802-2,#43B5B5,#7C43B5
itu/H.248.1/2013_03_0_en..pdf,iso/c031053_iso_iec_tr_9577_1999e.zip,#43B5B5,#7C43B5
itu/Q.1741.9/2015_06_0_en..pdf,itu/Q.1741.9/2015_06_0_en..pdf,#43B5B5,#43B5B5
itu/Q.1741.9/2015_06_0_en..pdf,ITURecommendation: M.1457-12,#43B5B5,#7C43B5
itu/Q.1741.9/2015_06_0_en..pdf,itu/E.164/2010_11_0_en..pdf,#43B5B5,#7C43B5
itu/Q.1741.9/2015_06_0_en..pdf,itu/E.164/2005_02_1_en..pdf,#43B5B5,#7C43B5
itu/Q.1741.9/2015_06_0_en..pdf,itu/F.703/2000_11_0_en..pdf,#43B5B5,#7C43B5
itu/Q.1741.9/2015_06_0_en..pdf,itu/A.5/2012_11_1_en..pdf,#43B5B5,#7C43B5
itu/Q.1741.9/2015_06_0_en..pdf,itu/G.711/1988_11_0_en..pdf,#43B5B5,#7C43B5
itu/Q.1741.9/2015_06_0_en..pdf,itu/G.723.1/1996_03_1_en..pdf,#43B5B5,#7C43B5
itu/Q.1741.9/2015_06_0_en..pdf,itu/G.723.1/2006_05_0_en..zip,#43B5B5,#7C43B5
itu/Q.1741.9/2015_06_0_en..pdf,itu/H.245/2011_05_0_en..pdf,#43B5B5,#43B5B5
itu/Q.1741.9/2015_06_0_en..pdf,itu/H.245/2008_06_1_en..pdf,#43B5B5,#7C43B5
itu/Q.1741.9/2015_06_0_en..pdf,itu/H.248.1/2013_03_0_en..pdf,#43B5B5,#43B5B5
itu/Q.1741.9/2015_06_0_en..pdf,itu/H.248.1/2005_09_1_en..pdf,#43B5B5,#7C43B5
itu/Q.1741.9/2015_06_0_en..pdf,itu/H.263/2005_01_0_en..pdf,#43B5B5,#7C43B5
itu/Q.1741.9/2015_06_0_en..pdf,itu/H.323/2009_12_0_en..pdf,#43B5B5,#43B5B5
itu/Q.1741.9/2015_06_0_en..pdf,itu/H.323/2006_06_1_en..pdf,#43B5B5,#7C43B5
itu/Q.1741.9/2015_06_0_en..pdf,itu/H.324/2009_04_0_en..pdf,#43B5B5,#7C43B5
itu/Q.1741.9/2015_06_0_en..pdf,itu/I.112/1993_03_0_en..pdf,#43B5B5,#7C43B5
itu/Q.1741.9/2015_06_0_en..pdf,itu/I.113/1997_06_0_en..pdf,#43B5B5,#7C43B5
itu/Q.1741.9/2015_06_0_en..pdf,itu/I.130/1988_11_0_en..pdf,#43B5B5,#7C43B5
itu/Q.1741.9/2015_06_0_en..pdf,itu/I.210/1993_03_0_en..pdf,#43B5B5,#7C43B5
itu/Q.1741.9/2015_06_0_en..pdf,itu/I.350/1993_03_0_en..pdf,#43B5B5,#7C43B5
itu/Q.1741.9/2015_06_0_en..pdf,itu/I.363.2/2000_11_0_en..pdf,#43B5B5,#7C43B5
itu/Q.1741.9/2015_06_0_en..pdf,itu/I.420/1988_11_0_en..pdf,#43B5B5,#7C43B5
itu/Q.1741.9/2015_06_0_en..pdf,itu/I.460/1999_02_0_en..pdf,#43B5B5,#7C43B5
itu/Q.1741.9/2015_06_0_en..pdf,itu/I.461/1988_11_1_en..pdf,#43B5B5,#7C43B5
itu/Q.1741.9/2015_06_0_en..pdf,itu/I.462/1993_03_1_en..pdf,#43B5B5,#7C43B5
itu/Q.1741.9/2015_06_0_en..pdf,itu/I.463/1992_09_1_en..pdf,#43B5B5,#7C43B5
itu/Q.1741.9/2015_06_0_en..pdf,itu/M.3020/2011_07_1_en..pdf,#43B5B5,#7C43B5
itu/Q.1741.9/2015_06_0_en..pdf,itu/M.3020/2009_05_1_en..pdf,#43B5B5,#7C43B5
itu/Q.1741.9/2015_06_0_en..pdf,itu/Q.65/2000_06_0_en..pdf,#43B5B5,#7C43B5
itu/Q.1741.9/2015_06_0_en..pdf,itu/Q.761/1999_12_0_en..pdf,#43B5B5,#7C43B5
itu/Q.1741.9/2015_06_0_en..pdf,itu/Q.762/1999_12_0_en..pdf,#43B5B5,#7C43B5
itu/Q.1741.9/2015_06_0_en..pdf,itu/Q.763/1999_12_0_en..pdf,#43B5B5,#7C43B5
itu/Q.1741.9/2015_06_0_en..pdf,itu/Q.764/1999_12_0_en..pdf,#43B5B5,#7C43B5
itu/Q.1741.9/2015_06_0_en..pdf,ITURecommendation: Q.92,#43B5B5,#7C43B5
itu/Q.1741.9/2015_06_0_en..pdf,itu/Q.920/1993_03_0_en..pdf,#43B5B5,#7C43B5
itu/Q.1741.9/2015_06_0_en..pdf,itu/Q.921/1997_09_0_en..pdf,#43B5B5,#7C43B5
itu/Q.1741.9/2015_06_0_en..pdf,itu/Q.922/1992_02_0_en..pdf,#43B5B5,#7C43B5
itu/Q.1741.9/2015_06_0_en..pdf,itu/Q.1001/1988_11_0_en..pdf,#43B5B5,#7C43B5
itu/Q.1741.9/2015_06_0_en..pdf,itu/Q.1214/1995_10_0_en..pdf,#43B5B5,#7C43B5
itu/Q.1741.9/2015_06_0_en..pdf,itu/Q.1742.10/2013_04_0_en..pdf,#43B5B5,#7C43B5
itu/Q.1741.9/2015_06_0_en..pdf,itu/Q.1902.1/2001_07_0_en..pdf,#43B5B5,#7C43B5
itu/Q.1741.9/2015_06_0_en..pdf,itu/Q.1902.2/2001_07_0_en..pdf,#43B5B5,#7C43B5
itu/Q.1741.9/2015_06_0_en..pdf,itu/Q.1902.3/2001_07_0_en..pdf,#43B5B5,#7C43B5
itu/Q.1741.9/2015_06_0_en..pdf,itu/Q.1902.4/2001_07_0_en..pdf,#43B5B5,#7C43B5
itu/Q.1741.9/2015_06_0_en..pdf,itu/Q.1902.5/2001_07_0_en..pdf,#43B5B5,#7C43B5
itu/Q.1741.9/2015_06_0_en..pdf,itu/Q.1902.6/2001_07_0_en..pdf,#43B5B5,#7C43B5
itu/Q.1741.9/2015_06_0_en..pdf,itu/Q.1912.5/2004_03_1_en..pdf,#43B5B5,#7C43B5
itu/Q.1741.9/2015_06_0_en..pdf,itu/T.31/1995_08_0_en..pdf,#43B5B5,#7C43B5
itu/Q.1741.9/2015_06_0_en..pdf,itu/T.32/1995_08_0_en..pdf,#43B5B5,#7C43B5
itu/Q.1741.9/2015_06_0_en..pdf,itu/T.140/1998_02_0_en..pdf,#43B5B5,#7C43B5
itu/Q.1741.9/2015_06_0_en..pdf,itu/V.14/1993_03_0_en..pdf,#43B5B5,#7C43B5
itu/Q.1741.9/2015_06_0_en..pdf,itu/V.18/2000_11_0_en..pdf,#43B5B5,#7C43B5
itu/Q.1741.9/2015_06_0_en..pdf,itu/V.21/1988_11_0_en..pdf,#43B5B5,#7C43B5
itu/Q.1741.9/2015_06_0_en..pdf,itu/V.22/1988_11_0_en..pdf,#43B5B5,#7C43B5
itu/Q.1741.9/2015_06_0_en..pdf,itu/V.24/2000_02_0_en..pdf,#43B5B5,#7C43B5
itu/Q.1741.9/2015_06_0_en..pdf,itu/V.25/1996_10_0_en..pdf,#43B5B5,#7C43B5
itu/Q.1741.9/2015_06_0_en..pdf,itu/V.26/1988_11_0_en..pdf,#43B5B5,#7C43B5
itu/Q.1741.9/2015_06_0_en..pdf,itu/V.32/1993_03_0_en..pdf,#43B5B5,#7C43B5
itu/Q.1741.9/2015_06_0_en..pdf,itu/V.80/1996_08_0_en..pdf,#43B5B5,#7C43B5
itu/Q.1741.9/2015_06_0_en..pdf,itu/V.250/2003_07_0_en..pdf,#43B5B5,#7C43B5
itu/Q.1741.9/2015_06_0_en..pdf,itu/X.21/1992_09_0_en..pdf,#43B5B5,#7C43B5
itu/Q.1741.9/2015_06_0_en..pdf,itu/X.25/1996_10_0_en..pdf,#43B5B5,#7C43B5
itu/Q.1741.9/2015_06_0_en..pdf,itu/X.32/1996_10_0_en..pdf,#43B5B5,#7C43B5
itu/Q.1741.9/2015_06_0_en..pdf,itu/X.140/1992_09_0_en..pdf,#43B5B5,#7C43B5
itu/Q.1741.9/2015_06_0_en..pdf,itu/X.200/1994_07_0_en..pdf,#43B5B5,#7C43B5
itu/Q.1741.9/2015_06_0_en..pdf,itu/X.212/1995_11_0_en..pdf,#43B5B5,#7C43B5
itu/Q.1741.9/2015_06_0_en..pdf,itu/X.213/2001_10_0_en..pdf,#43B5B5,#7C43B5
itu/Q.1741.9/2015_06_0_en..pdf,itu/G.722/1988_11_1_en..pdf,#43B5B5,#7C43B5
itu/Q.1741.9/2015_06_0_en..pdf,itu/G.729/2012_06_0_en..zip,#43B5B5,#7C43B5
itu/Q.1741.9/2015_06_0_en..pdf,itu/G.729/2007_01_1_en..zip,#43B5B5,#7C43B5
itu/Q.1741.9/2015_06_0_en..pdf,itu/H.248/2001_07_1_en.AnnL.pdf,#43B5B5,#7C43B5
itu/Q.1741.9/2015_06_0_en..pdf,ITURecommendation: Q.1902,#43B5B5,#7C43B5
itu/Q.1741.9/2015_06_0_en..pdf,rfc/768.txt,#43B5B5,#7C43B5
itu/Q.1741.9/2015_06_0_en..pdf,rfc/1889.txt,#43B5B5,#7C43B5
itu/Q.1741.9/2015_06_0_en..pdf,rfc/3261.txt,#43B5B5,#7C43B5
itu/Q.1741.9/2015_06_0_en..pdf,rfc/3588.txt,#43B5B5,#7C43B5
itu/Q.1741.9/2015_06_0_en..pdf,rfc/4566.txt,#43B5B5,#7C43B5
itu/Q.1741.9/2015_06_0_en..pdf,rfc/4825.txt,#43B5B5,#7C43B5
itu/Q.1741.9/2015_06_0_en..pdf,rfc/5094.txt,#43B5B5,#7C43B5
itu/Q.1741.9/2015_06_0_en..pdf,rfc/5213.txt,#43B5B5,#7C43B5
itu/Q.1741.9/2015_06_0_en..pdf,rfc/5555.txt,#43B5B5,#7C43B5
itu/Q.1741.9/2015_06_0_en..pdf,rfc/6140.txt,#43B5B5,#7C43B5
itu/Q.1741.9/2015_06_0_en..pdf,rfc/4006.txt,#43B5B5,#7C43B5
itu/Q.1741.9/2015_06_0_en..pdf,rfc/3310.txt,#43B5B5,#7C43B5
itu/Q.1741.9/2015_06_0_en..pdf,rfc/2617.txt,#43B5B5,#7C43B5
itu/Q.1741.9/2015_06_0_en..pdf,rfc/4279.txt,#43B5B5,#7C43B5
itu/Q.1741.9/2015_06_0_en..pdf,rfc/3264.txt,#43B5B5,#7C43B5
itu/Q.1741.9/2015_06_0_en..pdf,rfc/791.txt,#43B5B5,#7C43B5
itu/Q.1741.9/2015_06_0_en..pdf,rfc/1883.txt,#43B5B5,#7C43B5
itu/Q.1741.9/2015_06_0_en..pdf,rfc/2460.txt,#43B5B5,#7C43B5
itu/Q.1741.9/2015_06_0_en..pdf,iso/s020269_iso_iec_7498-1_1994e.zip,#43B5B5,#B54343
itu/Q.1741.9/2015_06_0_en..pdf,ISOStandard: 8886,#43B5B5,#7C43B5
itu/Q.1741.9/2015_06_0_en..pdf,iso/c035872_iso_iec_8348_2002e.zip,#43B5B5,#7C43B5
itu/Q.1741.9/2015_06_0_en..pdf,ISOStandard: 3309,#43B5B5,#7C43B5
itu/Q.1741.9/2015_06_0_en..pdf,ISOStandard: 4335,#43B5B5,#7C43B5
itu/Q.1741.9/2015_06_0_en..pdf,ISOStandard: 7809,#43B5B5,#7C43B5
itu/Q.1741.9/2015_06_0_en..pdf,ISOStandard: 9646-7,#43B5B5,#7C43B5
itu/Q.1741.9/2015_06_0_en..pdf,ISOStandard: 9899,#43B5B5,#7C43B5
itu/G.988/2012_10_1_en..pdf,itu/G.988/2012_10_1_en..pdf,#43B5B5,#43B5B5
itu/G.988/2012_10_1_en..pdf,ITURecommendation: G.984,#43B5B5,#7C43B5
itu/G.988/2012_10_1_en..pdf,itu/G.986/2010_01_0_en..pdf,#43B5B5,#7C43B5
itu/G.988/2012_10_1_en..pdf,itu/G.987/2012_06_0_en..pdf,#43B5B5,#7C43B5
itu/G.988/2012_10_1_en..pdf,itu/E.164/2010_11_0_en..pdf,#43B5B5,#7C43B5
itu/G.988/2012_10_1_en..pdf,itu/E.164/2005_02_1_en..pdf,#43B5B5,#7C43B5
itu/G.988/2012_10_1_en..pdf,itu/G.704/1998_10_0_en..pdf,#43B5B5,#7C43B5
itu/G.988/2012_10_1_en..pdf,itu/G.722.1/2005_05_0_en..zip,#43B5B5,#7C43B5
itu/G.988/2012_10_1_en..pdf,itu/G.722.2/2003_07_0_en..pdf,#43B5B5,#7C43B5
itu/G.988/2012_10_1_en..pdf,itu/G.723.1/1996_03_1_en..pdf,#43B5B5,#7C43B5
itu/G.988/2012_10_1_en..pdf,itu/G.723.1/2006_05_0_en..zip,#43B5B5,#7C43B5
itu/G.988/2012_10_1_en..pdf,itu/G.728/1992_09_1_en..pdf,#43B5B5,#7C43B5
itu/G.988/2012_10_1_en..pdf,itu/G.729/2012_06_0_en..zip,#43B5B5,#7C43B5
itu/G.988/2012_10_1_en..pdf,itu/G.729/2007_01_1_en..zip,#43B5B5,#7C43B5
itu/G.988/2012_10_1_en..pdf,itu/G.784/2008_03_0_en..pdf,#43B5B5,#7C43B5
itu/G.988/2012_10_1_en..pdf,itu/G.826/2002_12_0_en..pdf,#43B5B5,#7C43B5
itu/G.988/2012_10_1_en..pdf,itu/G.983.2/2005_07_0_en..pdf,#43B5B5,#7C43B5
itu/G.988/2012_10_1_en..pdf,itu/G.984.3/2008_03_1_en..pdf,#43B5B5,#7C43B5
itu/G.988/2012_10_1_en..pdf,itu/G.984.4/2008_02_0_en..pdf,#43B5B5,#7C43B5
itu/G.988/2012_10_1_en..pdf,itu/G.984.6/2008_03_0_en..pdf,#43B5B5,#7C43B5
itu/G.988/2012_10_1_en..pdf,itu/G.987/2010_10_1_en..pdf,#43B5B5,#7C43B5
itu/G.988/2012_10_1_en..pdf,itu/G.987.1/2010_01_1_en..pdf,#43B5B5,#7C43B5
itu/G.988/2012_10_1_en..pdf,itu/G.987.3/2010_10_1_en..pdf,#43B5B5,#7C43B5
itu/G.988/2012_10_1_en..pdf,itu/G.992.1/1999_07_0_en..pdf,#43B5B5,#7C43B5
itu/G.988/2012_10_1_en..pdf,itu/G.992.2/1999_07_0_en..pdf,#43B5B5,#7C43B5
itu/G.988/2012_10_1_en..pdf,itu/G.992.3/2005_01_1_en..pdf,#43B5B5,#7C43B5
itu/G.988/2012_10_1_en..pdf,itu/G.992.4/2002_07_0_en..pdf,#43B5B5,#7C43B5
itu/G.988/2012_10_1_en..pdf,itu/G.992.5/2005_01_1_en..pdf,#43B5B5,#7C43B5
itu/G.988/2012_10_1_en..pdf,itu/G.993.1/2004_06_0_en..pdf,#43B5B5,#7C43B5
itu/G.988/2012_10_1_en..pdf,itu/G.993.2/2011_12_1_en..pdf,#43B5B5,#7C43B5
itu/G.988/2012_10_1_en..pdf,itu/G.994.1/2012_06_1_en..pdf,#43B5B5,#7C43B5
itu/G.988/2012_10_1_en..pdf,itu/G.997.1/2012_06_1_en..pdf,#43B5B5,#7C43B5
itu/G.988/2012_10_1_en..pdf,itu/G.997.1/2009_04_1_en..pdf,#43B5B5,#7C43B5
itu/G.988/2012_10_1_en..pdf,itu/H.248/2001_07_1_en.AnnL.pdf,#43B5B5,#7C43B5
itu/G.988/2012_10_1_en..pdf,itu/H.341/1999_05_0_en..zip,#43B5B5,#7C43B5
itu/G.988/2012_10_1_en..pdf,itu/I.112/1993_03_0_en..pdf,#43B5B5,#7C43B5
itu/G.988/2012_10_1_en..pdf,itu/I.363.5/1996_08_0_en..pdf,#43B5B5,#7C43B5
itu/G.988/2012_10_1_en..pdf,itu/M.3100/1995_07_1_en..pdf,#43B5B5,#7C43B5
itu/G.988/2012_10_1_en..pdf,itu/M.3100/2005_04_0_en..zip,#43B5B5,#7C43B5
itu/G.988/2012_10_1_en..pdf,itu/T.35/2000_02_0_en..pdf,#43B5B5,#7C43B5
itu/G.988/2012_10_1_en..pdf,itu/T.38/2010_09_1_en..pdf,#43B5B5,#7C43B5
itu/G.988/2012_10_1_en..pdf,itu/T.38/2007_04_1_en..pdf,#43B5B5,#7C43B5
itu/G.988/2012_10_1_en..pdf,itu/X.690/2008_11_1_en..pdf,#43B5B5,#7C43B5
itu/G.988/2012_10_1_en..pdf,itu/X.731/1992_01_0_en..pdf,#43B5B5,#7C43B5
itu/G.988/2012_10_1_en..pdf,itu/Y.1731/2011_07_1_en..pdf,#43B5B5,#7C43B5
itu/G.988/2012_10_1_en..pdf,itu/Y.1731/2008_02_1_en..pdf,#43B5B5,#7C43B5
itu/G.988/2012_10_1_en..pdf,ITURecommendation: G.992,#43B5B5,#7C43B5
itu/G.988/2012_10_1_en..pdf,itu/G.988/2010_10_1_en..pdf,#43B5B5,#7C43B5
itu/G.988/2012_10_1_en..pdf,ITURecommendation: G.723,#43B5B5,#7C43B5
itu/G.988/2012_10_1_en..pdf,itu/G.722/1988_11_1_en..pdf,#43B5B5,#7C43B5
itu/G.988/2012_10_1_en..pdf,itu/X.733/1992_02_0_en..pdf,#43B5B5,#7C43B5
itu/G.988/2012_10_1_en..pdf,rfc/1213.txt,#43B5B5,#7C43B5
itu/G.988/2012_10_1_en..pdf,rfc/2236.txt,#43B5B5,#7C43B5
itu/G.988/2012_10_1_en..pdf,rfc/2464.txt,#43B5B5,#7C43B5
itu/G.988/2012_10_1_en..pdf,rfc/2474.txt,#43B5B5,#7C43B5
itu/G.988/2012_10_1_en..pdf,rfc/2579.txt,#43B5B5,#7C43B5
itu/G.988/2012_10_1_en..pdf,rfc/2597.txt,#43B5B5,#7C43B5
itu/G.988/2012_10_1_en..pdf,rfc/2617.txt,#43B5B5,#7C43B5
itu/G.988/2012_10_1_en..pdf,rfc/2684.txt,#43B5B5,#7C43B5
itu/G.988/2012_10_1_en..pdf,rfc/2685.txt,#43B5B5,#7C43B5
itu/G.988/2012_10_1_en..pdf,rfc/2819.txt,#43B5B5,#7C43B5
itu/G.988/2012_10_1_en..pdf,rfc/2863.txt,#43B5B5,#7C43B5
itu/G.988/2012_10_1_en..pdf,rfc/3246.txt,#43B5B5,#7C43B5
itu/G.988/2012_10_1_en..pdf,rfc/3376.txt,#43B5B5,#7C43B5
itu/G.988/2012_10_1_en..pdf,rfc/3417.txt,#43B5B5,#7C43B5
itu/G.988/2012_10_1_en..pdf,rfc/3551.txt,#43B5B5,#7C43B5
itu/G.988/2012_10_1_en..pdf,rfc/3810.txt,#43B5B5,#7C43B5
itu/G.988/2012_10_1_en..pdf,rfc/4133.txt,#43B5B5,#7C43B5
itu/G.988/2012_10_1_en..pdf,rfc/4446.txt,#43B5B5,#7C43B5
itu/G.988/2012_10_1_en..pdf,rfc/4733.txt,#43B5B5,#7C43B5
itu/G.988/2012_10_1_en..pdf,rfc/4734.txt,#43B5B5,#7C43B5
itu/G.988/2012_10_1_en..pdf,rfc/4789.txt,#43B5B5,#7C43B5
itu/G.988/2012_10_1_en..pdf,rfc/5519.txt,#43B5B5,#7C43B5
itu/G.988/2012_10_1_en..pdf,rfc/5603.txt,#43B5B5,#7C43B5
itu/G.988/2012_10_1_en..pdf,rfc/5605.txt,#43B5B5,#7C43B5
itu/G.988/2012_10_1_en..pdf,rfc/3315.txt,#43B5B5,#7C43B5
itu/G.988/2012_10_1_en..pdf,rfc/4291.txt,#43B5B5,#7C43B5
itu/G.988/2012_10_1_en..pdf,rfc/4115.txt,#43B5B5,#7C43B5
itu/G.988/2012_10_1_en..pdf,rfc/2698.txt,#43B5B5,#7C43B5
itu/G.988/2012_10_1_en..pdf,rfc/3232.txt,#43B5B5,#7C43B5
itu/G.988/2012_10_1_en..pdf,rfc/2516.txt,#43B5B5,#7C43B5
itu/G.988/2012_10_1_en..pdf,rfc/4541.txt,#43B5B5,#7C43B5
itu/G.988/2012_10_1_en..pdf,rfc/2460.txt,#43B5B5,#7C43B5
itu/G.988/2012_10_1_en..pdf,rfc/2463.txt,#43B5B5,#7C43B5
itu/G.988/2012_10_1_en..pdf,rfc/4861.txt,#43B5B5,#7C43B5
itu/G.988/2012_10_1_en..pdf,rfc/2710.txt,#43B5B5,#7C43B5
itu/G.988/2012_10_1_en..pdf,rfc/4862.txt,#43B5B5,#7C43B5
itu/G.988/2012_10_1_en..pdf,rfc/6106.txt,#43B5B5,#7C43B5
itu/G.988/2012_10_1_en..pdf,rfc/5942.txt,#43B5B5,#7C43B5
itu/G.988/2012_10_1_en..pdf,rfc/3621.txt,#43B5B5,#7C43B5
itu/G.988/2012_10_1_en..pdf,rfc/5462.txt,#43B5B5,#7C43B5
itu/G.988/2012_10_1_en..pdf,rfc/3926.txt,#43B5B5,#7C43B5
itu/G.988/2012_10_1_en..pdf,rfc/2571.txt,#43B5B5,#7C43B5
itu/G.988/2012_10_1_en..pdf,rfc/3418.txt,#43B5B5,#7C43B5
itu/G.988/2012_10_1_en..pdf,rfc/2475.txt,#43B5B5,#7C43B5
itu/G.988/2012_10_1_en..pdf,rfc/3247.txt,#43B5B5,#7C43B5
itu/G.988/2012_10_1_en..pdf,rfc/1700.txt,#43B5B5,#43B5B5
itu/G.988/2012_10_1_en..pdf,rfc/3736.txt,#43B5B5,#7C43B5
itu/G.988/2012_10_1_en..pdf,iso/c068345_iso_iec_8825-1_2015.zip,#43B5B5,#7C43B5
itu/G.988/2012_10_1_en..pdf,ISOStandard: 10164-2,#43B5B5,#7C43B5
itu/G.988/2012_10_1_en..pdf,ISOStandard: 10164-4,#43B5B5,#7C43B5
itu/G.988/2012_10_1_en..pdf,ISOStandard: 9798-4,#43B5B5,#7C43B5
itu/G.988/2017_11_0_en..pdf,itu/G.988/2017_11_0_en..pdf,#43B5B5,#43B5B5
itu/G.988/2017_11_0_en..pdf,itu/E.164/2010_11_0_en..pdf,#43B5B5,#7C43B5
itu/G.988/2017_11_0_en..pdf,itu/E.164/2005_02_1_en..pdf,#43B5B5,#7C43B5
itu/G.988/2017_11_0_en..pdf,itu/G.704/1998_10_0_en..pdf,#43B5B5,#7C43B5
itu/G.988/2017_11_0_en..pdf,itu/G.722.1/2005_05_0_en..zip,#43B5B5,#7C43B5
itu/G.988/2017_11_0_en..pdf,itu/G.722.2/2003_07_0_en..pdf,#43B5B5,#7C43B5
itu/G.988/2017_11_0_en..pdf,itu/G.723.1/1996_03_1_en..pdf,#43B5B5,#7C43B5
itu/G.988/2017_11_0_en..pdf,itu/G.723.1/2006_05_0_en..zip,#43B5B5,#7C43B5
itu/G.988/2017_11_0_en..pdf,itu/G.728/1992_09_1_en..pdf,#43B5B5,#7C43B5
itu/G.988/2017_11_0_en..pdf,itu/G.729/2012_06_0_en..zip,#43B5B5,#7C43B5
itu/G.988/2017_11_0_en..pdf,itu/G.729/2007_01_1_en..zip,#43B5B5,#7C43B5
itu/G.988/2017_11_0_en..pdf,itu/G.784/2008_03_0_en..pdf,#43B5B5,#7C43B5
itu/G.988/2017_11_0_en..pdf,itu/G.826/2002_12_0_en..pdf,#43B5B5,#7C43B5
itu/G.988/2017_11_0_en..pdf,itu/G.983.2/2005_07_0_en..pdf,#43B5B5,#7C43B5
itu/G.988/2017_11_0_en..pdf,ITURecommendation: G.984,#43B5B5,#7C43B5
itu/G.988/2017_11_0_en..pdf,itu/G.984.3/2014_01_0_en..pdf,#43B5B5,#7C43B5
itu/G.988/2017_11_0_en..pdf,itu/G.984.3/2008_03_1_en..pdf,#43B5B5,#7C43B5
itu/G.988/2017_11_0_en..pdf,itu/G.984.4/2008_02_0_en..pdf,#43B5B5,#7C43B5
itu/G.988/2017_11_0_en..pdf,itu/G.984.6/2008_03_0_en..pdf,#43B5B5,#7C43B5
itu/G.988/2017_11_0_en..pdf,itu/G.986/2010_01_0_en..pdf,#43B5B5,#7C43B5
itu/G.988/2017_11_0_en..pdf,itu/G.987/2012_06_0_en..pdf,#43B5B5,#7C43B5
itu/G.988/2017_11_0_en..pdf,itu/G.987/2010_10_1_en..pdf,#43B5B5,#7C43B5
itu/G.988/2017_11_0_en..pdf,itu/G.987.1/2016_03_0_en..pdf,#43B5B5,#7C43B5
itu/G.988/2017_11_0_en..pdf,itu/G.987.1/2010_01_1_en..pdf,#43B5B5,#7C43B5
itu/G.988/2017_11_0_en..pdf,itu/G.987.3/2014_01_0_en..pdf,#43B5B5,#7C43B5
itu/G.988/2017_11_0_en..pdf,itu/G.987.3/2010_10_1_en..pdf,#43B5B5,#7C43B5
itu/G.988/2017_11_0_en..pdf,itu/G.989.3/2015_10_0_en..pdf,#43B5B5,#7C43B5
itu/G.988/2017_11_0_en..pdf,ITURecommendation: G.992,#43B5B5,#7C43B5
itu/G.988/2017_11_0_en..pdf,itu/G.992.1/1999_07_0_en..pdf,#43B5B5,#7C43B5
itu/G.988/2017_11_0_en..pdf,itu/G.992.2/1999_07_0_en..pdf,#43B5B5,#7C43B5
itu/G.988/2017_11_0_en..pdf,itu/G.992.3/2005_01_1_en..pdf,#43B5B5,#7C43B5
itu/G.988/2017_11_0_en..pdf,itu/G.992.4/2002_07_0_en..pdf,#43B5B5,#7C43B5
itu/G.988/2017_11_0_en..pdf,itu/G.992.5/2005_01_1_en..pdf,#43B5B5,#7C43B5
itu/G.988/2017_11_0_en..pdf,itu/G.993.1/2004_06_0_en..pdf,#43B5B5,#7C43B5
itu/G.988/2017_11_0_en..pdf,itu/G.993.2/2015_01_1_en..pdf,#43B5B5,#7C43B5
itu/G.988/2017_11_0_en..pdf,itu/G.993.5/2015_01_1_en..pdf,#43B5B5,#7C43B5
itu/G.988/2017_11_0_en..pdf,itu/G.993.5/2010_04_1_en..pdf,#43B5B5,#7C43B5
itu/G.988/2017_11_0_en..pdf,itu/G.994.1/2017_04_1_en..pdf,#43B5B5,#7C43B5
itu/G.988/2017_11_0_en..pdf,itu/G.997.1/2016_11_1_en..pdf,#43B5B5,#7C43B5
itu/G.988/2017_11_0_en..pdf,itu/G.997.1/2012_06_1_en..pdf,#43B5B5,#7C43B5
itu/G.988/2017_11_0_en..pdf,itu/G.997.2/2015_05_1_en..pdf,#43B5B5,#7C43B5
itu/G.988/2017_11_0_en..pdf,itu/G.998.4/2015_01_1_en..pdf,#43B5B5,#7C43B5
itu/G.988/2017_11_0_en..pdf,itu/G.998.4/2010_06_1_en..pdf,#43B5B5,#7C43B5
itu/G.988/2017_11_0_en..pdf,itu/G.9700/2014_04_0_en..pdf,#43B5B5,#7C43B5
itu/G.988/2017_11_0_en..pdf,itu/G.9701/2014_12_1_en..pdf,#43B5B5,#7C43B5
itu/G.988/2017_11_0_en..pdf,itu/G.9807.1/2016_06_0_en..pdf,#43B5B5,#7C43B5
itu/G.988/2017_11_0_en..pdf,itu/H.248/2001_07_1_en.AnnL.pdf,#43B5B5,#7C43B5
itu/G.988/2017_11_0_en..pdf,itu/H.341/1999_05_0_en..zip,#43B5B5,#7C43B5
itu/G.988/2017_11_0_en..pdf,itu/I.112/1993_03_0_en..pdf,#43B5B5,#7C43B5
itu/G.988/2017_11_0_en..pdf,itu/I.363.5/1996_08_0_en..pdf,#43B5B5,#7C43B5
itu/G.988/2017_11_0_en..pdf,itu/M.3100/1995_07_1_en..pdf,#43B5B5,#7C43B5
itu/G.988/2017_11_0_en..pdf,itu/M.3100/2005_04_0_en..zip,#43B5B5,#7C43B5
itu/G.988/2017_11_0_en..pdf,itu/T.35/2000_02_0_en..pdf,#43B5B5,#7C43B5
itu/G.988/2017_11_0_en..pdf,itu/T.38/2015_11_0_en..pdf,#43B5B5,#7C43B5
itu/G.988/2017_11_0_en..pdf,itu/T.38/2007_04_1_en..pdf,#43B5B5,#7C43B5
itu/G.988/2017_11_0_en..pdf,itu/X.690/2015_08_0_en..pdf,#43B5B5,#7C43B5
itu/G.988/2017_11_0_en..pdf,itu/X.690/2008_11_1_en..pdf,#43B5B5,#7C43B5
itu/G.988/2017_11_0_en..pdf,itu/X.731/1992_01_0_en..pdf,#43B5B5,#7C43B5
itu/G.988/2017_11_0_en..pdf,itu/Y.1731/2015_08_0_en..pdf,#43B5B5,#7C43B5
itu/G.988/2017_11_0_en..pdf,itu/Y.1731/2008_02_1_en..pdf,#43B5B5,#7C43B5
itu/G.988/2017_11_0_en..pdf,itu/G.989/2015_10_0_en..pdf,#43B5B5,#7C43B5
itu/G.988/2017_11_0_en..pdf,itu/G.988/2010_10_1_en..pdf,#43B5B5,#7C43B5
itu/G.988/2017_11_0_en..pdf,itu/G.988/2012_10_1_en..pdf,#43B5B5,#43B5B5
itu/G.988/2017_11_0_en..pdf,itu/G.998.2/2005_01_1_en..pdf,#43B5B5,#7C43B5
itu/G.988/2017_11_0_en..pdf,ITURecommendation: G.723,#43B5B5,#7C43B5
itu/G.988/2017_11_0_en..pdf,itu/G.722/1988_11_1_en..pdf,#43B5B5,#7C43B5
itu/G.988/2017_11_0_en..pdf,itu/G.989.2/2014_12_1_en..pdf,#43B5B5,#7C43B5
itu/G.988/2017_11_0_en..pdf,itu/X.733/1992_02_0_en..pdf,#43B5B5,#7C43B5
itu/G.988/2017_11_0_en..pdf,rfc/1213.txt,#43B5B5,#7C43B5
itu/G.988/2017_11_0_en..pdf,rfc/2236.txt,#43B5B5,#7C43B5
itu/G.988/2017_11_0_en..pdf,rfc/2464.txt,#43B5B5,#7C43B5
itu/G.988/2017_11_0_en..pdf,rfc/2474.txt,#43B5B5,#7C43B5
itu/G.988/2017_11_0_en..pdf,rfc/2579.txt,#43B5B5,#7C43B5
itu/G.988/2017_11_0_en..pdf,rfc/2597.txt,#43B5B5,#7C43B5
itu/G.988/2017_11_0_en..pdf,rfc/2617.txt,#43B5B5,#7C43B5
itu/G.988/2017_11_0_en..pdf,rfc/2684.txt,#43B5B5,#7C43B5
itu/G.988/2017_11_0_en..pdf,rfc/2685.txt,#43B5B5,#7C43B5
itu/G.988/2017_11_0_en..pdf,rfc/2819.txt,#43B5B5,#7C43B5
itu/G.988/2017_11_0_en..pdf,rfc/2863.txt,#43B5B5,#7C43B5
itu/G.988/2017_11_0_en..pdf,rfc/3246.txt,#43B5B5,#7C43B5
itu/G.988/2017_11_0_en..pdf,rfc/3376.txt,#43B5B5,#7C43B5
itu/G.988/2017_11_0_en..pdf,rfc/3417.txt,#43B5B5,#7C43B5
itu/G.988/2017_11_0_en..pdf,rfc/3551.txt,#43B5B5,#7C43B5
itu/G.988/2017_11_0_en..pdf,rfc/3810.txt,#43B5B5,#7C43B5
itu/G.988/2017_11_0_en..pdf,rfc/4133.txt,#43B5B5,#7C43B5
itu/G.988/2017_11_0_en..pdf,rfc/4446.txt,#43B5B5,#7C43B5
itu/G.988/2017_11_0_en..pdf,rfc/4733.txt,#43B5B5,#7C43B5
itu/G.988/2017_11_0_en..pdf,rfc/4734.txt,#43B5B5,#7C43B5
itu/G.988/2017_11_0_en..pdf,rfc/4789.txt,#43B5B5,#7C43B5
itu/G.988/2017_11_0_en..pdf,rfc/5519.txt,#43B5B5,#7C43B5
itu/G.988/2017_11_0_en..pdf,rfc/5605.txt,#43B5B5,#7C43B5
itu/G.988/2017_11_0_en..pdf,rfc/3315.txt,#43B5B5,#7C43B5
itu/G.988/2017_11_0_en..pdf,rfc/4291.txt,#43B5B5,#7C43B5
itu/G.988/2017_11_0_en..pdf,rfc/4115.txt,#43B5B5,#7C43B5
itu/G.988/2017_11_0_en..pdf,rfc/2698.txt,#43B5B5,#7C43B5
itu/G.988/2017_11_0_en..pdf,rfc/3232.txt,#43B5B5,#7C43B5
itu/G.988/2017_11_0_en..pdf,rfc/2516.txt,#43B5B5,#7C43B5
itu/G.988/2017_11_0_en..pdf,rfc/4541.txt,#43B5B5,#7C43B5
itu/G.988/2017_11_0_en..pdf,rfc/2460.txt,#43B5B5,#7C43B5
itu/G.988/2017_11_0_en..pdf,rfc/2463.txt,#43B5B5,#7C43B5
itu/G.988/2017_11_0_en..pdf,rfc/4861.txt,#43B5B5,#7C43B5
itu/G.988/2017_11_0_en..pdf,rfc/2710.txt,#43B5B5,#7C43B5
itu/G.988/2017_11_0_en..pdf,rfc/4862.txt,#43B5B5,#7C43B5
itu/G.988/2017_11_0_en..pdf,rfc/6106.txt,#43B5B5,#7C43B5
itu/G.988/2017_11_0_en..pdf,rfc/5942.txt,#43B5B5,#7C43B5
itu/G.988/2017_11_0_en..pdf,rfc/3621.txt,#43B5B5,#7C43B5
itu/G.988/2017_11_0_en..pdf,rfc/5462.txt,#43B5B5,#7C43B5
itu/G.988/2017_11_0_en..pdf,rfc/3926.txt,#43B5B5,#7C43B5
itu/G.988/2017_11_0_en..pdf,rfc/2571.txt,#43B5B5,#7C43B5
itu/G.988/2017_11_0_en..pdf,rfc/3418.txt,#43B5B5,#7C43B5
itu/G.988/2017_11_0_en..pdf,rfc/2475.txt,#43B5B5,#7C43B5
itu/G.988/2017_11_0_en..pdf,rfc/3247.txt,#43B5B5,#7C43B5
itu/G.988/2017_11_0_en..pdf,rfc/1700.txt,#43B5B5,#43B5B5
itu/G.988/2017_11_0_en..pdf,iso/c068345_iso_iec_8825-1_2015.zip,#43B5B5,#7C43B5
itu/G.988/2017_11_0_en..pdf,ISOStandard: 10164-2,#43B5B5,#7C43B5
itu/G.988/2017_11_0_en..pdf,ISOStandard: 10164-4,#43B5B5,#7C43B5
itu/G.988/2017_11_0_en..pdf,ISOStandard: 9798-4,#43B5B5,#7C43B5
rfc/4949.txt,itu/X.419/1999_06_0_en..pdf,#43B5B5,#7C43B5
rfc/4949.txt,itu/X.420/1999_06_0_en..pdf,#43B5B5,#7C43B5
rfc/4949.txt,rfc/2828.txt,#43B5B5,#43B5B5
rfc/4949.txt,rfc/2119.txt,#43B5B5,#B54343
rfc/4949.txt,rfc/4949.txt,#43B5B5,#43B5B5
rfc/4949.txt,rfc/2026.txt,#43B5B5,#7C43B5
rfc/4949.txt,rfc/3753.txt,#43B5B5,#7C43B5
rfc/4949.txt,rfc/4211.txt,#43B5B5,#7C43B5
rfc/4949.txt,rfc/3720.txt,#43B5B5,#7C43B5
rfc/4949.txt,rfc/1157.txt,#43B5B5,#7C43B5
rfc/4949.txt,rfc/1901.txt,#43B5B5,#7C43B5
rfc/4949.txt,rfc/791.txt,#43B5B5,#7C43B5
rfc/4949.txt,rfc/3852.txt,#43B5B5,#7C43B5
rfc/4949.txt,rfc/1822.txt,#43B5B5,#7C43B5
rfc/4949.txt,rfc/1034.txt,#43B5B5,#7C43B5
rfc/4949.txt,rfc/959.txt,#43B5B5,#7C43B5
rfc/4949.txt,rfc/2616.txt,#43B5B5,#7C43B5
rfc/4949.txt,rfc/792.txt,#43B5B5,#7C43B5
rfc/4949.txt,rfc/2060.txt,#43B5B5,#7C43B5
rfc/4949.txt,rfc/2460.txt,#43B5B5,#7C43B5
rfc/4949.txt,rfc/822.txt,#43B5B5,#7C43B5
rfc/4949.txt,rfc/821.txt,#43B5B5,#7C43B5
rfc/4949.txt,rfc/793.txt,#43B5B5,#7C43B5
rfc/4949.txt,rfc/1042.txt,#43B5B5,#7C43B5
rfc/4949.txt,rfc/2373.txt,#43B5B5,#7C43B5
rfc/4949.txt,rfc/4556.txt,#43B5B5,#7C43B5
rfc/4949.txt,rfc/3377.txt,#43B5B5,#7C43B5
rfc/4949.txt,rfc/2045.txt,#43B5B5,#7C43B5
rfc/4949.txt,rfc/3280.txt,#43B5B5,#7C43B5
rfc/4949.txt,rfc/2898.txt,#43B5B5,#7C43B5
rfc/4949.txt,rfc/2315.txt,#43B5B5,#7C43B5
rfc/4949.txt,rfc/2986.txt,#43B5B5,#7C43B5
rfc/4949.txt,rfc/1661.txt,#43B5B5,#7C43B5
rfc/4949.txt,rfc/2637.txt,#43B5B5,#7C43B5
rfc/4949.txt,rfc/1939.txt,#43B5B5,#7C43B5
rfc/4949.txt,rfc/1771.txt,#43B5B5,#7C43B5
rfc/4949.txt,rfc/854.txt,#43B5B5,#7C43B5
rfc/4949.txt,rfc/3161.txt,#43B5B5,#7C43B5
rfc/4949.txt,rfc/2930.txt,#43B5B5,#7C43B5
rfc/4949.txt,rfc/2845.txt,#43B5B5,#7C43B5
rfc/4949.txt,rfc/3986.txt,#43B5B5,#7C43B5
rfc/4949.txt,rfc/2141.txt,#43B5B5,#7C43B5
rfc/4949.txt,rfc/768.txt,#43B5B5,#7C43B5
rfc/4949.txt,rfc/1108.txt,#43B5B5,#7C43B5
rfc/4949.txt,rfc/1135.txt,#43B5B5,#7C43B5
rfc/4949.txt,rfc/1208.txt,#43B5B5,#7C43B5
rfc/4949.txt,rfc/1281.txt,#43B5B5,#7C43B5
rfc/4949.txt,rfc/1319.txt,#43B5B5,#7C43B5
rfc/4949.txt,rfc/1320.txt,#43B5B5,#7C43B5
rfc/4949.txt,rfc/1321.txt,#43B5B5,#7C43B5
rfc/4949.txt,rfc/1334.txt,#43B5B5,#7C43B5
rfc/4949.txt,rfc/1413.txt,#43B5B5,#7C43B5
rfc/4949.txt,rfc/1421.txt,#43B5B5,#7C43B5
rfc/4949.txt,rfc/1422.txt,#43B5B5,#7C43B5
rfc/4949.txt,rfc/1455.txt,#43B5B5,#7C43B5
rfc/4949.txt,rfc/1457.txt,#43B5B5,#7C43B5
rfc/4949.txt,rfc/1492.txt,#43B5B5,#7C43B5
rfc/4949.txt,rfc/1507.txt,#43B5B5,#7C43B5
rfc/4949.txt,rfc/1731.txt,#43B5B5,#7C43B5
rfc/4949.txt,rfc/1734.txt,#43B5B5,#7C43B5
rfc/4949.txt,rfc/1760.txt,#43B5B5,#7C43B5
rfc/4949.txt,rfc/1824.txt,#43B5B5,#7C43B5
rfc/4949.txt,rfc/1828.txt,#43B5B5,#7C43B5
rfc/4949.txt,rfc/1829.txt,#43B5B5,#7C43B5
rfc/4949.txt,rfc/1848.txt,#43B5B5,#7C43B5
rfc/4949.txt,rfc/1851.txt,#43B5B5,#7C43B5
rfc/4949.txt,rfc/1928.txt,#43B5B5,#7C43B5
rfc/4949.txt,rfc/1958.txt,#43B5B5,#7C43B5
rfc/4949.txt,rfc/1983.txt,#43B5B5,#7C43B5
rfc/4949.txt,rfc/1994.txt,#43B5B5,#7C43B5
rfc/4949.txt,rfc/2078.txt,#43B5B5,#7C43B5
rfc/4949.txt,rfc/2743.txt,#43B5B5,#7C43B5
rfc/4949.txt,rfc/2084.txt,#43B5B5,#7C43B5
rfc/4949.txt,rfc/2104.txt,#43B5B5,#7C43B5
rfc/4949.txt,rfc/2144.txt,#43B5B5,#7C43B5
rfc/4949.txt,rfc/2179.txt,#43B5B5,#7C43B5
rfc/4949.txt,rfc/2196.txt,#43B5B5,#7C43B5
rfc/4949.txt,rfc/2202.txt,#43B5B5,#7C43B5
rfc/4949.txt,rfc/2222.txt,#43B5B5,#7C43B5
rfc/4949.txt,rfc/2289.txt,#43B5B5,#7C43B5
rfc/4949.txt,rfc/2323.txt,#43B5B5,#7C43B5
rfc/4949.txt,rfc/2350.txt,#43B5B5,#7C43B5
rfc/4949.txt,rfc/2356.txt,#43B5B5,#7C43B5
rfc/4949.txt,rfc/2401.txt,#43B5B5,#7C43B5
rfc/4949.txt,rfc/2402.txt,#43B5B5,#7C43B5
rfc/4949.txt,rfc/2403.txt,#43B5B5,#7C43B5
rfc/4949.txt,rfc/2404.txt,#43B5B5,#7C43B5
rfc/4949.txt,rfc/2405.txt,#43B5B5,#7C43B5
rfc/4949.txt,rfc/2406.txt,#43B5B5,#7C43B5
rfc/4949.txt,rfc/2407.txt,#43B5B5,#7C43B5
rfc/4949.txt,rfc/2408.txt,#43B5B5,#7C43B5
rfc/4949.txt,rfc/2410.txt,#43B5B5,#7C43B5
rfc/4949.txt,rfc/2451.txt,#43B5B5,#7C43B5
rfc/4949.txt,rfc/2504.txt,#43B5B5,#7C43B5
rfc/4949.txt,rfc/2560.txt,#43B5B5,#7C43B5
rfc/4949.txt,rfc/2612.txt,#43B5B5,#7C43B5
rfc/4949.txt,rfc/2628.txt,#43B5B5,#7C43B5
rfc/4949.txt,rfc/2635.txt,#43B5B5,#7C43B5
rfc/4949.txt,rfc/2660.txt,#43B5B5,#7C43B5
rfc/4949.txt,rfc/2773.txt,#43B5B5,#7C43B5
rfc/4949.txt,rfc/2801.txt,#43B5B5,#7C43B5
rfc/4949.txt,rfc/2827.txt,#43B5B5,#7C43B5
rfc/4949.txt,rfc/2865.txt,#43B5B5,#7C43B5
rfc/4949.txt,rfc/3060.txt,#43B5B5,#7C43B5
rfc/4949.txt,rfc/3198.txt,#43B5B5,#7C43B5
rfc/4949.txt,rfc/3547.txt,#43B5B5,#7C43B5
rfc/4949.txt,rfc/3552.txt,#43B5B5,#7C43B5
rfc/4949.txt,rfc/3647.txt,#43B5B5,#7C43B5
rfc/4949.txt,rfc/3739.txt,#43B5B5,#7C43B5
rfc/4949.txt,rfc/3740.txt,#43B5B5,#7C43B5
rfc/4949.txt,rfc/3766.txt,#43B5B5,#7C43B5
rfc/4949.txt,rfc/3820.txt,#43B5B5,#7C43B5
rfc/4949.txt,rfc/3851.txt,#43B5B5,#7C43B5
rfc/4949.txt,rfc/3871.txt,#43B5B5,#7C43B5
rfc/4949.txt,rfc/4034.txt,#43B5B5,#7C43B5
rfc/4949.txt,rfc/4035.txt,#43B5B5,#7C43B5
rfc/4949.txt,rfc/4086.txt,#43B5B5,#7C43B5
rfc/4949.txt,rfc/4120.txt,#43B5B5,#7C43B5
rfc/4949.txt,rfc/4158.txt,#43B5B5,#7C43B5
rfc/4949.txt,rfc/4210.txt,#43B5B5,#7C43B5
rfc/4949.txt,rfc/4301.txt,#43B5B5,#7C43B5
rfc/4949.txt,rfc/4302.txt,#43B5B5,#7C43B5
rfc/4949.txt,rfc/4346.txt,#43B5B5,#7C43B5
rfc/4949.txt,rfc/4422.txt,#43B5B5,#7C43B5
rfc/4949.txt,ISOStandard: 17799,#43B5B5,#7C43B5
rfc/4949.txt,ISOStandard: 9074-1989,#43B5B5,#7C43B5
rfc/4949.txt,ISOStandard: 8879,#43B5B5,#7C43B5
rfc/4949.txt,ISOStandard: 8601,#43B5B5,#7C43B5
rfc/4949.txt,ISOStandard: 11586,#43B5B5,#7C43B5
rfc/4949.txt,ISOStandard: 8807-1990,#43B5B5,#7C43B5
rfc/4949.txt,ISOStandard: 9594-8,#43B5B5,#7C43B5
rfc/4949.txt,ISOStandard: 10736,#43B5B5,#7C43B5
rfc/4949.txt,ISOStandard: 3166-1,#43B5B5,#7C43B5
rfc/4949.txt,iso/s020269_iso_iec_7498-1_1994e.zip,#43B5B5,#B54343
rfc/4949.txt,ISOStandard: 7499-2,#43B5B5,#7C43B5
rfc/4949.txt,iso/s014258_iso_iec_7498-4_1989e.zip,#43B5B5,#7C43B5
rfc/4949.txt,ISOStandard: 7812-1,#43B5B5,#7C43B5
rfc/4949.txt,ISOStandard: 9945-1,#43B5B5,#7C43B5
rfc/4949.txt,ISOStandard: 10021-6,#43B5B5,#7C43B5
rfc/4949.txt,ISOStandard: 9594-1,#43B5B5,#7C43B5
rfc/4949.txt,iso/c068345_iso_iec_8825-1_2015.zip,#43B5B5,#7C43B5
rfc/1000.txt,rfc/1000.txt,#43B5B5,#43B5B5
rfc/1000.txt,rfc/10.txt,#43B5B5,#7C43B5
rfc/1000.txt,rfc/404.txt,#43B5B5,#7C43B5
rfc/1000.txt,rfc/560.txt,#43B5B5,#7C43B5
rfc/1000.txt,rfc/822.txt,#43B5B5,#7C43B5
rfc/1000.txt,rfc/607.txt,#43B5B5,#7C43B5
rfc/1000.txt,rfc/430.txt,#43B5B5,#7C43B5
rfc/1000.txt,rfc/354.txt,#43B5B5,#7C43B5
rfc/1000.txt,rfc/114.txt,#43B5B5,#7C43B5
rfc/1000.txt,rfc/603.txt,#43B5B5,#7C43B5
rfc/1000.txt,rfc/226.txt,#43B5B5,#7C43B5
rfc/1000.txt,rfc/116.txt,#43B5B5,#7C43B5
rfc/1000.txt,rfc/900.txt,#43B5B5,#7C43B5
rfc/1000.txt,rfc/969.txt,#43B5B5,#7C43B5
rfc/1000.txt,rfc/984.txt,#43B5B5,#7C43B5
rfc/1000.txt,rfc/966.txt,#43B5B5,#7C43B5
rfc/1000.txt,rfc/882.txt,#43B5B5,#7C43B5
rfc/1000.txt,rfc/883.txt,#43B5B5,#7C43B5
rfc/1000.txt,rfc/998.txt,#43B5B5,#7C43B5
rfc/1000.txt,rfc/955.txt,#43B5B5,#7C43B5
rfc/1000.txt,rfc/991.txt,#43B5B5,#7C43B5
rfc/1000.txt,rfc/812.txt,#43B5B5,#7C43B5
rfc/1000.txt,rfc/811.txt,#43B5B5,#7C43B5
rfc/1000.txt,rfc/810.txt,#43B5B5,#7C43B5
rfc/1000.txt,rfc/940.txt,#43B5B5,#7C43B5
rfc/1000.txt,rfc/942.txt,#43B5B5,#7C43B5
rfc/1000.txt,rfc/918.txt,#43B5B5,#7C43B5
rfc/1000.txt,rfc/912.txt,#43B5B5,#7C43B5
rfc/1000.txt,rfc/884.txt,#43B5B5,#7C43B5
rfc/1000.txt,rfc/928.txt,#43B5B5,#7C43B5
rfc/1000.txt,rfc/929.txt,#43B5B5,#7C43B5
rfc/1000.txt,rfc/917.txt,#43B5B5,#7C43B5
rfc/1000.txt,rfc/881.txt,#43B5B5,#7C43B5
rfc/1000.txt,rfc/897.txt,#43B5B5,#7C43B5
rfc/1000.txt,rfc/937.txt,#43B5B5,#7C43B5
rfc/1000.txt,rfc/888.txt,#43B5B5,#7C43B5
rfc/1000.txt,rfc/827.txt,#43B5B5,#7C43B5
rfc/1000.txt,rfc/800.txt,#43B5B5,#7C43B5
rfc/1000.txt,rfc/651.txt,#43B5B5,#7C43B5
rfc/1000.txt,rfc/802.txt,#43B5B5,#7C43B5
rfc/1000.txt,rfc/832.txt,#43B5B5,#7C43B5
rfc/1000.txt,rfc/843.txt,#43B5B5,#7C43B5
rfc/1000.txt,rfc/806.txt,#43B5B5,#7C43B5
rfc/1000.txt,rfc/733.txt,#43B5B5,#7C43B5
rfc/1000.txt,rfc/608.txt,#43B5B5,#7C43B5
rfc/1000.txt,rfc/841.txt,#43B5B5,#7C43B5
rfc/1000.txt,rfc/700.txt,#43B5B5,#7C43B5
rfc/1000.txt,rfc/799.txt,#43B5B5,#7C43B5
rfc/1000.txt,rfc/760.txt,#43B5B5,#7C43B5
rfc/1000.txt,rfc/821.txt,#43B5B5,#7C43B5
rfc/1000.txt,rfc/791.txt,#43B5B5,#7C43B5
rfc/1000.txt,rfc/792.txt,#43B5B5,#7C43B5
rfc/1000.txt,rfc/801.txt,#43B5B5,#7C43B5
rfc/1000.txt,rfc/798.txt,#43B5B5,#7C43B5
rfc/1000.txt,rfc/793.txt,#43B5B5,#7C43B5
rfc/1000.txt,rfc/753.txt,#43B5B5,#7C43B5
rfc/1000.txt,rfc/759.txt,#43B5B5,#7C43B5
rfc/1000.txt,rfc/736.txt,#43B5B5,#7C43B5
rfc/1000.txt,rfc/734.txt,#43B5B5,#7C43B5
rfc/1000.txt,rfc/788.txt,#43B5B5,#7C43B5
rfc/1000.txt,rfc/729.txt,#43B5B5,#7C43B5
rfc/1000.txt,rfc/731.txt,#43B5B5,#7C43B5
rfc/1000.txt,rfc/732.txt,#43B5B5,#7C43B5
rfc/1000.txt,rfc/735.txt,#43B5B5,#7C43B5
rfc/1000.txt,rfc/819.txt,#43B5B5,#7C43B5
rfc/1000.txt,rfc/997.txt,#43B5B5,#7C43B5
rfc/1000.txt,rfc/708.txt,#43B5B5,#7C43B5
rfc/1000.txt,rfc/600.txt,#43B5B5,#7C43B5
rfc/1000.txt,rfc/686.txt,#43B5B5,#7C43B5
rfc/1000.txt,rfc/687.txt,#43B5B5,#7C43B5
rfc/1000.txt,rfc/674.txt,#43B5B5,#7C43B5
rfc/1000.txt,rfc/561.txt,#43B5B5,#7C43B5
rfc/1000.txt,rfc/703.txt,#43B5B5,#7C43B5
rfc/1000.txt,rfc/684.txt,#43B5B5,#7C43B5
rfc/1000.txt,rfc/702.txt,#43B5B5,#7C43B5
rfc/1000.txt,rfc/615.txt,#43B5B5,#7C43B5
rfc/1000.txt,rfc/542.txt,#43B5B5,#7C43B5
rfc/1000.txt,rfc/633.txt,#43B5B5,#7C43B5
rfc/1000.txt,rfc/638.txt,#43B5B5,#7C43B5
rfc/1000.txt,rfc/601.txt,#43B5B5,#7C43B5
rfc/1000.txt,rfc/606.txt,#43B5B5,#7C43B5
rfc/1000.txt,rfc/624.txt,#43B5B5,#7C43B5
rfc/1000.txt,rfc/597.txt,#43B5B5,#7C43B5
rfc/1000.txt,rfc/586.txt,#43B5B5,#7C43B5
rfc/1000.txt,rfc/596.txt,#43B5B5,#7C43B5
rfc/1000.txt,rfc/579.txt,#43B5B5,#7C43B5
rfc/1000.txt,rfc/580.txt,#43B5B5,#7C43B5
rfc/1000.txt,rfc/566.txt,#43B5B5,#7C43B5
rfc/1000.txt,rfc/555.txt,#43B5B5,#7C43B5
rfc/1000.txt,rfc/539.txt,#43B5B5,#7C43B5
rfc/1000.txt,rfc/216.txt,#43B5B5,#7C43B5
rfc/1000.txt,rfc/567.txt,#43B5B5,#7C43B5
rfc/1000.txt,rfc/556.txt,#43B5B5,#7C43B5
rfc/1000.txt,rfc/495.txt,#43B5B5,#7C43B5
rfc/1000.txt,rfc/538.txt,#43B5B5,#7C43B5
rfc/1000.txt,rfc/524.txt,#43B5B5,#7C43B5
rfc/1000.txt,rfc/493.txt,#43B5B5,#7C43B5
rfc/1000.txt,rfc/531.txt,#43B5B5,#7C43B5
rfc/1000.txt,rfc/522.txt,#43B5B5,#7C43B5
rfc/1000.txt,rfc/549.txt,#43B5B5,#7C43B5
rfc/1000.txt,rfc/420.txt,#43B5B5,#7C43B5
rfc/1000.txt,rfc/513.txt,#43B5B5,#7C43B5
rfc/1000.txt,rfc/509.txt,#43B5B5,#7C43B5
rfc/1000.txt,rfc/369.txt,#43B5B5,#7C43B5
rfc/1000.txt,rfc/534.txt,#43B5B5,#7C43B5
rfc/1000.txt,rfc/459.txt,#43B5B5,#7C43B5
rfc/1000.txt,rfc/497.txt,#43B5B5,#7C43B5
rfc/1000.txt,rfc/487.txt,#43B5B5,#7C43B5
rfc/1000.txt,rfc/482.txt,#43B5B5,#7C43B5
rfc/1000.txt,rfc/467.txt,#43B5B5,#7C43B5
rfc/1000.txt,rfc/473.txt,#43B5B5,#7C43B5
rfc/1000.txt,rfc/455.txt,#43B5B5,#7C43B5
rfc/1000.txt,rfc/436.txt,#43B5B5,#7C43B5
rfc/1000.txt,rfc/453.txt,#43B5B5,#7C43B5
rfc/1000.txt,rfc/443.txt,#43B5B5,#7C43B5
rfc/1000.txt,rfc/469.txt,#43B5B5,#7C43B5
rfc/1000.txt,rfc/442.txt,#43B5B5,#7C43B5
rfc/1000.txt,rfc/434.txt,#43B5B5,#7C43B5
rfc/1000.txt,rfc/422.txt,#43B5B5,#7C43B5
rfc/1000.txt,rfc/399.txt,#43B5B5,#7C43B5
rfc/1000.txt,rfc/389.txt,#43B5B5,#7C43B5
rfc/1000.txt,rfc/413.txt,#43B5B5,#7C43B5
rfc/1000.txt,rfc/392.txt,#43B5B5,#7C43B5
rfc/1000.txt,rfc/400.txt,#43B5B5,#7C43B5
rfc/1000.txt,rfc/363.txt,#43B5B5,#7C43B5
rfc/1000.txt,rfc/391.txt,#43B5B5,#7C43B5
rfc/1000.txt,rfc/381.txt,#43B5B5,#7C43B5
rfc/1000.txt,rfc/328.txt,#43B5B5,#7C43B5
rfc/1000.txt,rfc/378.txt,#43B5B5,#7C43B5
rfc/1000.txt,rfc/323.txt,#43B5B5,#7C43B5
rfc/1000.txt,rfc/365.txt,#43B5B5,#7C43B5
rfc/1000.txt,rfc/289.txt,#43B5B5,#7C43B5
rfc/1000.txt,rfc/370.txt,#43B5B5,#7C43B5
rfc/1000.txt,rfc/367.txt,#43B5B5,#7C43B5
rfc/1000.txt,rfc/360.txt,#43B5B5,#7C43B5
rfc/1000.txt,rfc/366.txt,#43B5B5,#7C43B5
rfc/1000.txt,rfc/362.txt,#43B5B5,#7C43B5
rfc/1000.txt,rfc/329.txt,#43B5B5,#7C43B5
rfc/1000.txt,rfc/353.txt,#43B5B5,#7C43B5
rfc/1000.txt,rfc/343.txt,#43B5B5,#7C43B5
rfc/1000.txt,rfc/346.txt,#43B5B5,#7C43B5
rfc/1000.txt,rfc/344.txt,#43B5B5,#7C43B5
rfc/1000.txt,rfc/863.txt,#43B5B5,#7C43B5
rfc/1000.txt,rfc/862.txt,#43B5B5,#7C43B5
rfc/1000.txt,rfc/342.txt,#43B5B5,#7C43B5
rfc/1000.txt,rfc/331.txt,#43B5B5,#7C43B5
rfc/1000.txt,rfc/332.txt,#43B5B5,#7C43B5
rfc/1000.txt,rfc/330.txt,#43B5B5,#7C43B5
rfc/1000.txt,rfc/326.txt,#43B5B5,#7C43B5
rfc/1000.txt,rfc/319.txt,#43B5B5,#7C43B5
rfc/1000.txt,rfc/313.txt,#43B5B5,#7C43B5
rfc/1000.txt,rfc/315.txt,#43B5B5,#7C43B5
rfc/1000.txt,rfc/158.txt,#43B5B5,#7C43B5
rfc/1000.txt,rfc/306.txt,#43B5B5,#7C43B5
rfc/1000.txt,rfc/298.txt,#43B5B5,#7C43B5
rfc/1000.txt,rfc/300.txt,#43B5B5,#7C43B5
rfc/1000.txt,rfc/211.txt,#43B5B5,#7C43B5
rfc/1000.txt,rfc/293.txt,#43B5B5,#7C43B5
rfc/1000.txt,rfc/265.txt,#43B5B5,#7C43B5
rfc/1000.txt,rfc/288.txt,#43B5B5,#7C43B5
rfc/1000.txt,rfc/243.txt,#43B5B5,#7C43B5
rfc/1000.txt,rfc/287.txt,#43B5B5,#7C43B5
rfc/1000.txt,rfc/221.txt,#43B5B5,#7C43B5
rfc/1000.txt,rfc/172.txt,#43B5B5,#7C43B5
rfc/1000.txt,rfc/171.txt,#43B5B5,#7C43B5
rfc/1000.txt,rfc/252.txt,#43B5B5,#7C43B5
rfc/1000.txt,rfc/240.txt,#43B5B5,#7C43B5
rfc/1000.txt,rfc/290.txt,#43B5B5,#7C43B5
rfc/1000.txt,rfc/235.txt,#43B5B5,#7C43B5
rfc/1000.txt,rfc/229.txt,#43B5B5,#7C43B5
rfc/1000.txt,rfc/203.txt,#43B5B5,#7C43B5
rfc/1000.txt,rfc/70.txt,#43B5B5,#7C43B5
rfc/1000.txt,rfc/196.txt,#43B5B5,#7C43B5
rfc/1000.txt,rfc/177.txt,#43B5B5,#7C43B5
rfc/1000.txt,rfc/167.txt,#43B5B5,#7C43B5
rfc/1000.txt,rfc/143.txt,#43B5B5,#7C43B5
rfc/1000.txt,rfc/123.txt,#43B5B5,#7C43B5
rfc/1000.txt,rfc/140.txt,#43B5B5,#7C43B5
rfc/1000.txt,rfc/137.txt,#43B5B5,#7C43B5
rfc/1000.txt,rfc/110.txt,#43B5B5,#7C43B5
rfc/1000.txt,rfc/107.txt,#43B5B5,#7C43B5
rfc/1000.txt,rfc/111.txt,#43B5B5,#7C43B5
rfc/1000.txt,rfc/86.txt,#43B5B5,#7C43B5
rfc/1000.txt,rfc/66.txt,#43B5B5,#7C43B5
rfc/1000.txt,rfc/80.txt,#43B5B5,#7C43B5
rfc/1000.txt,rfc/67.txt,#43B5B5,#7C43B5
rfc/1000.txt,rfc/61.txt,#43B5B5,#7C43B5
rfc/1000.txt,rfc/54.txt,#43B5B5,#7C43B5
rfc/1000.txt,rfc/46.txt,#43B5B5,#7C43B5
rfc/1000.txt,rfc/47.txt,#43B5B5,#7C43B5
rfc/1000.txt,rfc/33.txt,#43B5B5,#7C43B5
rfc/1000.txt,rfc/39.txt,#43B5B5,#7C43B5
rfc/1000.txt,rfc/36.txt,#43B5B5,#7C43B5
rfc/1000.txt,rfc/11.txt,#43B5B5,#7C43B5
rfc/1000.txt,rfc/28.txt,#43B5B5,#7C43B5
rfc/1000.txt,rfc/17.txt,#43B5B5,#7C43B5
rfc/1000.txt,rfc/3.txt,#43B5B5,#7C43B5
rfc/1000.txt,iso/c030931_iso_iec_8473-1_1998e.zip,#43B5B5,#7C43B5
rfc/1000.txt,iso/s020269_iso_iec_7498-1_1994e.zip,#43B5B5,#B54343
rfc/1000.txt,iso/c035872_iso_iec_8348_2002e.zip,#43B5B5,#7C43B5
